#Wavenumber (cm^-1); Spectrum (K*cm*km*mol^-1); Integral (K*km*mol^-1)
0.00; 12.382726; 25.210161982364
2.04; 13.080362; 51.840649291935
4.07; 15.102861; 82.588771510495
6.11; 18.250982; 119.74619487465
8.14; 22.230131; 165.00482360225
10.18; 26.698578; 219.3608251573
12.22; 31.320634; 283.12693224596
14.25; 35.814227; 356.0416078914
16.29; 39.983801; 437.44517500261
18.32; 43.733007; 526.48180219509
20.36; 47.056538; 622.28485298122
22.40; 50.015276; 724.11163877098
24.43; 52.702575; 831.40953348882
26.47; 55.210904; 943.81416954509
28.50; 57.606882; 1061.0968091059
30.54; 59.919462; 1183.0876628135
32.57; 62.141742; 1309.6028864207
34.61; 64.24299; 1440.3960693174
36.65; 66.185242; 1575.1435096044
38.68; 67.938694; 1713.4608277501
40.72; 69.491887; 1854.9403113537
42.75; 70.855345; 1999.1956778321
44.79; 72.059763; 2145.9031356971
46.83; 73.151023; 2294.8323048562
48.86; 74.184128; 2445.8647869071
50.90; 75.216938; 2598.9999814589
52.93; 76.303358; 2754.3470335319
54.97; 77.485241; 2912.1002962932
57.01; 78.783109; 3072.495907366
59.04; 80.187519; 3235.7507763758
61.08; 81.654487; 3401.9922648304
63.11; 83.108807; 3571.1946238213
65.15; 84.457566; 3743.142940134
67.19; 85.612865; 3917.4433447962
69.22; 86.518801; 4093.5881577503
71.26; 87.174728; 4271.0683795011
73.29; 87.646202; 4449.5084817178
75.33; 88.057649; 4628.7862552892
77.36; 88.566024; 4809.0990363667
79.40; 89.321126; 4990.9491400163
81.44; 90.42343; 5175.0434395389
83.47; 91.892321; 5362.1282749139
85.51; 93.655459; 5552.8027075726
87.54; 95.56405; 5747.3628664362
89.58; 97.430865; 5945.7236997345
91.62; 99.080504; 6147.4430545245
93.65; 100.39711; 6351.8429094487
95.69; 101.35511; 6558.1931634505
97.72; 102.02344; 6765.9040827851
99.76; 102.54199; 6974.6707310684
101.80; 103.07751; 7184.5276540811
103.83; 103.77288; 7395.8002915542
105.87; 104.70579; 7608.9722491182
107.90; 105.86994; 7824.514312783
109.94; 107.18477; 8042.7332480487
111.98; 108.53041; 8263.6918014304
114.01; 109.79632; 8487.2276385634
116.05; 110.92702; 8713.0654712868
118.08; 111.94902; 8940.9840110529
120.12; 112.96864; 9170.9784215146
122.15; 114.13973; 9403.3570681937
124.19; 115.61052; 9638.7301093909
126.23; 117.46645; 9877.8816714557
128.26; 119.68818; 10121.55647787
130.30; 122.14009; 10370.223154293
132.33; 124.59569; 10623.889222824
134.37; 126.79448; 10882.031839737
136.41; 128.51439; 11143.676041241
138.44; 129.63819; 11407.608208383
140.48; 130.19326; 11672.670447898
142.51; 130.35166; 11938.055171306
144.55; 130.38958; 12203.517105192
146.59; 130.61758; 12469.443218328
148.62; 131.30178; 12736.762309975
150.66; 132.59887; 13006.722162565
152.69; 134.52268; 13280.598730748
154.73; 136.95034; 13559.417807351
156.77; 139.66369; 13843.761019057
158.80; 142.41172; 14133.698993448
160.84; 144.97497; 14428.855523953
162.87; 147.21392; 14728.570358488
164.91; 149.09042; 15032.105590501
166.94; 150.66021; 15338.836777129
168.98; 152.04309; 15648.383390753
171.02; 153.38262; 15960.657159958
173.05; 154.8076; 16275.832074848
175.09; 156.4046; 16594.258339211
177.12; 158.20508; 16916.350220785
179.16; 160.18602; 17242.475123165
181.20; 162.2796; 17572.862387719
183.23; 164.38726; 17907.54065998
185.27; 166.39484; 18246.30618872
187.30; 168.18798; 18588.722409596
189.34; 169.66806; 18934.151940493
191.38; 170.76877; 19281.822417193
193.41; 171.47196; 19630.924521163
195.45; 171.81904; 19980.733254374
197.48; 171.9133; 20330.733888284
199.52; 171.90912; 20680.726024584
201.56; 171.98725; 21030.877226894
203.59; 172.31933; 21381.704511628
205.63; 173.02938; 21733.977393826
207.66; 174.1622; 22088.556606666
209.70; 175.66832; 22446.202135683
211.74; 177.41142; 22807.396485274
213.77; 179.19868; 23172.229523517
215.81; 180.82746; 23540.378620601
217.84; 182.1375; 23911.194843142
219.88; 183.05482; 24283.878661374
221.91; 183.61573; 24657.704434753
223.95; 183.96369; 25032.238634533
225.99; 184.31912; 25407.496452377
228.02; 184.92875; 25783.995432083
230.06; 186.00693; 26162.689490522
232.09; 187.68295; 26544.795781973
234.13; 189.96733; 26931.552868121
236.17; 192.74501; 27323.965074561
238.20; 195.79698; 27722.59082624
240.24; 198.84484; 28127.421752615
242.27; 201.60765; 28537.877520125
244.31; 203.85777; 28952.914342579
246.35; 205.46318; 29371.219647619
248.38; 206.40748; 29791.447471857
250.42; 206.78441; 30212.442693889
252.45; 206.76974; 30633.408041878
254.49; 206.57833; 31053.983699352
256.53; 206.41691; 31474.230718575
258.56; 206.44296; 31894.530775987
260.60; 206.73777; 32315.431041414
262.63; 207.29751; 32737.470878946
264.67; 208.04182; 33161.026060755
266.70; 208.83587; 33586.197874174
268.74; 209.51987; 34012.762244483
270.78; 209.93974; 34440.181444034
272.81; 209.97427; 34867.670930661
274.85; 209.55538; 35294.307590101
276.88; 208.68035; 35719.162770285
278.92; 207.4154; 36141.442634088
280.96; 205.89062; 36560.618171319
282.99; 204.28619; 36976.52721483
285.03; 202.8104; 37389.431693318
287.06; 201.67107; 37800.016594041
289.10; 201.04359; 38209.32399418
291.14; 201.041; 38618.626119479
293.17; 201.69216; 39029.253960247
295.21; 202.93358; 39442.409208007
297.24; 204.6178; 39858.993383689
299.28; 206.53768; 40279.486276586
301.32; 208.46147; 40703.895830546
303.35; 210.171; 41131.785846273
305.39; 211.49474; 41562.370887662
307.42; 212.32912; 41994.654650458
309.46; 212.64544; 42427.582414166
311.49; 212.4837; 42860.180891948
313.53; 211.93764; 43291.667635443
315.57; 211.13634; 43721.522992059
317.60; 210.2266; 44149.526198614
319.64; 209.35799; 44575.761000104
321.67; 208.67012; 45000.595357353
323.71; 208.28067; 45424.636829727
325.75; 208.27336; 45848.663423786
327.78; 208.68665; 46273.531431555
329.82; 209.50577; 46700.067099681
331.85; 210.66141; 47128.955551903
333.89; 212.03706; 47560.644716545
335.93; 213.48475; 47995.281245664
337.96; 214.84591; 48432.688980096
340.00; 215.97262; 48872.390586012
342.03; 216.74443; 49313.663533802
344.07; 217.07841; 49755.616439337
346.11; 216.93269; 50197.272665245
348.14; 216.30631; 50637.65364329
350.18; 215.23859; 51075.86082798
352.21; 213.80936; 51511.158225444
354.25; 212.13885; 51943.054623385
356.28; 210.38334; 52371.376955324
358.32; 208.72248; 52796.317907352
360.36; 207.33668; 53218.437499272
362.39; 206.37736; 53638.603997697
364.43; 205.93715; 54057.874252355
366.46; 206.02966; 54477.332851524
368.50; 206.5868; 54897.925740073
370.54; 207.47634; 55320.329662276
372.57; 208.53562; 55744.890186133
374.61; 209.61102; 56171.640142611
376.64; 210.59063; 56600.384497232
378.68; 211.41978; 57030.816919816
380.72; 212.09592; 57462.625908154
382.75; 212.64716; 57895.55717527
384.79; 213.10485; 58329.420252623
386.82; 213.48228; 58764.051751062
388.86; 213.768; 59199.264956481
390.90; 213.935; 59634.81814937
392.93; 213.9596; 60070.421422306
394.97; 213.83935; 60505.779887053
397.00; 213.59963; 60940.650290348
399.04; 213.28401; 61374.878135981
401.07; 212.93165; 61808.38859393
403.11; 212.55132; 62241.124746525
405.15; 212.1052; 62672.952627276
407.18; 211.51196; 63103.572718091
409.22; 210.67198; 63532.48268929
411.25; 209.50793; 63959.022756095
413.29; 208.00704; 64382.507139205
415.33; 206.24922; 64802.412750557
417.36; 204.40878; 65218.571388904
419.40; 202.72589; 65631.303812047
421.43; 201.45379; 66041.446344103
423.47; 200.79584; 66450.249349316
425.51; 200.85003; 66859.162676307
427.54; 201.5764; 67269.554823364
429.58; 202.79641; 67682.430818046
431.61; 204.22443; 68098.214133812
433.65; 205.52315; 68516.641536069
435.69; 206.36964; 68936.79231408
437.72; 206.51692; 69357.242932616
439.76; 205.83853; 69776.312405295
441.79; 204.34834; 70192.347989175
443.83; 202.19385; 70603.997208876
445.87; 199.62659; 71010.419710031
447.90; 196.95729; 71411.40776011
449.94; 194.50495; 71807.40305844
451.97; 192.54874; 72199.415675398
454.01; 191.28979; 72588.865175943
456.04; 190.82704; 72977.372565751
458.08; 191.14856; 73366.534538689
460.12; 192.13747; 73757.709849017
462.15; 193.59049; 74151.843377051
464.19; 195.24643; 74549.348264005
466.22; 196.82208; 74950.061032834
468.26; 198.05225; 75353.278324389
470.30; 198.72999; 75757.875442247
472.33; 198.74118; 76162.495337166
474.37; 198.08661; 76565.782579799
476.40; 196.88486; 76966.623162225
478.44; 195.35172; 77364.342408975
480.48; 193.75697; 77758.814886304
482.51; 192.36572; 78150.454889778
484.55; 191.37733; 78540.082617657
486.58; 190.87784; 78928.69341673
488.62; 190.81974; 79317.185943644
490.66; 191.03652; 79706.11980772
492.69; 191.28908; 80095.567862213
494.73; 191.3318; 80485.102885872
496.76; 190.97926; 80873.920184654
498.80; 190.15475; 81261.058841802
500.83; 188.90728; 81645.657750515
502.87; 187.39447; 82027.176727776
504.91; 185.83901; 82405.528919142
506.94; 184.47371; 82781.101465075
508.98; 183.49189; 83154.675112771
511.01; 183.01514; 83527.278135319
513.05; 183.0825; 83900.01831031
515.09; 183.65741; 84273.928937924
517.12; 184.64379; 84649.847763786
519.16; 185.90342; 85028.33108112
521.19; 187.2703; 85409.597246566
523.23; 188.56373; 85793.496718002
525.27; 189.60458; 86179.515272251
527.30; 190.2387; 86566.824848684
529.34; 190.36643; 86954.394467505
531.37; 189.97092; 87341.158857929
533.41; 189.13384; 87726.219023444
535.45; 188.02767; 88109.027130612
537.48; 186.88039; 88489.499475563
539.52; 185.91842; 88868.013336281
541.55; 185.30355; 89245.275381436
543.59; 185.08433; 89622.091095568
545.62; 185.17968; 89999.100948581
547.66; 185.40277; 90376.564990105
549.70; 185.51887; 90754.265404222
551.73; 185.31917; 91131.559239047
553.77; 184.68598; 91507.563961036
555.80; 183.62799; 91881.414701665
557.84; 182.2746; 92252.510052989
559.88; 180.83309; 92620.670625348
561.91; 179.52479; 92986.167602537
563.95; 178.52247; 93349.623944865
565.98; 177.90906; 93711.831426912
568.02; 177.66797; 94073.548078059
570.06; 177.70347; 94435.337002635
572.09; 177.87903; 94797.483348324
574.13; 178.05763; 95159.993322251
576.16; 178.13049; 95522.651631737
578.20; 178.02816; 95885.101609863
580.24; 177.71687; 96246.917824881
582.27; 177.18855; 96607.658414567
584.31; 176.45389; 96966.903300591
586.34; 175.54357; 97324.294866951
588.38; 174.51617; 97679.594733643
590.41; 173.46577; 98032.756080566
592.45; 172.52075; 98383.993434114
594.49; 171.82806; 98733.820537709
596.52; 171.52402; 99083.028644036
598.56; 171.699; 99432.592999501
600.59; 172.36769; 99783.518747839
602.63; 173.45562; 100136.65942025
604.67; 174.80753; 100492.55245964
606.70; 176.21554; 100851.31209818
608.74; 177.45837; 101212.60201848
610.77; 178.33948; 101575.68580768
612.81; 178.71389; 101939.53186553
614.85; 178.49831; 102302.93901754
616.88; 177.66641; 102664.65249588
618.92; 176.23616; 103023.45410263
620.95; 174.25774; 103378.2278162
622.99; 171.80819; 103728.0144641
625.03; 168.99356; 104072.07076211
627.06; 165.95391; 104409.93860324
629.10; 162.8636; 104741.51484368
631.13; 159.91989; 105067.09794022
633.17; 157.31768; 105387.3831617
635.21; 155.21448; 105703.38645523
637.24; 153.69518; 106016.29658477
639.28; 152.74837; 106327.27907924
641.31; 152.26363; 106637.27469255
643.35; 152.05309; 106946.84165209
645.38; 151.89246; 107256.0815919
647.42; 151.57061; 107564.66627311
649.46; 150.93336; 107871.95356444
651.49; 149.90955; 108177.15646725
653.53; 148.51321; 108479.51653833
655.56; 146.82357; 108778.43665736
657.60; 144.95161; 109073.54562246
659.64; 143.00504; 109364.69154849
661.67; 141.06287; 109651.88338153
663.71; 139.1655; 109935.21231976
665.74; 137.32005; 110214.78408473
667.78; 135.51489; 110490.68070722
669.82; 133.73468; 110762.95297296
671.85; 131.96863; 111031.62971577
673.89; 130.20895; 111296.72390828
675.92; 128.44167; 111558.22006237
677.96; 126.63604; 111816.04011853
680.00; 124.73982; 112069.99962875
682.03; 122.68502; 112319.77573595
684.07; 120.40433; 112564.90856254
686.10; 117.85328; 112804.84766002
688.14; 115.03009; 113039.03899669
690.17; 111.98564; 113267.03209344
692.21; 108.8188; 113488.57778746
694.25; 105.65802; 113703.68838942
696.28; 102.63441; 113912.64318249
698.32; 99.854791; 114115.93891963
700.35; 97.38231; 114314.20089922
702.39; 95.229392; 114508.07972346
704.43; 93.363252; 114698.15924619
706.46; 91.720134; 114884.89352378
708.50; 90.22253; 115068.57880793
710.53; 88.794034; 115249.35579751
712.57; 87.3689; 115427.23133795
714.61; 85.89624; 115602.10866934
716.64; 84.340916; 115773.81949449
718.68; 82.683618; 115942.15620436
720.71; 80.921486; 116106.90536635
722.75; 79.068803; 116267.88262628
724.79; 77.155941; 116424.96546401
726.82; 75.224717; 116578.11649593
728.86; 73.319756; 116727.3891909
730.89; 71.477641; 116872.91149892
732.93; 69.717425; 117014.85016001
734.96; 68.036407; 117153.36641261
737.00; 66.413559; 117288.57868719
739.04; 64.820126; 117420.54686976
741.07; 63.233825; 117549.28547971
743.11; 61.651222; 117674.80204727
745.14; 60.093105; 117797.146422
747.18; 58.600087; 117916.45114128
749.22; 57.219442; 118032.94498664
751.25; 55.987697; 118146.93110529
753.29; 54.915464; 118258.73424977
755.32; 53.980442; 118368.63377005
757.36; 53.131663; 118476.80525122
759.40; 52.30395; 118583.29157841
761.43; 51.43774; 118688.01437756
763.47; 50.497447; 118790.82282164
765.50; 49.481971; 118891.56384437
767.54; 48.423828; 118990.15057922
769.58; 47.377391; 119086.6068586
771.61; 46.400518; 119181.07430951
773.65; 45.535979; 119273.78163264
775.68; 44.79887; 119364.98826575
777.72; 44.173833; 119454.92237699
779.75; 43.62226; 119543.73353261
781.79; 43.096222; 119631.47372225
783.83; 42.553764; 119718.10951222
785.86; 41.970151; 119803.55711795
787.90; 41.341628; 119887.72510462
789.93; 40.681215; 119970.54854724
791.97; 40.009135; 120052.00369344
794.01; 39.34224; 120132.10109883
796.04; 38.686857; 120210.86420004
798.08; 38.037791; 120288.30585973
800.11; 37.383547; 120364.41553539
802.15; 36.71522; 120439.16455374
804.19; 36.035019; 120512.52874158
806.22; 35.360538; 120584.51974521
808.26; 34.722594; 120655.21194932
810.29; 34.157044; 120724.75274233
812.33; 33.693419; 120793.34963503
814.37; 33.344503; 120861.23616493
816.40; 33.100703; 120928.62633984
818.44; 32.931293; 120995.67161129
820.47; 32.792097; 121062.43349082
822.51; 32.636903; 121128.87940929
824.55; 32.428731; 121194.90150757
826.58; 32.14737; 121260.35077837
828.62; 31.791227; 121325.07497289
830.65; 31.373701; 121388.94912087
832.69; 30.916162; 121451.89175938
834.72; 30.44049; 121513.86597074
836.76; 29.963745; 121574.86957026
838.80; 29.496229; 121634.92134623
840.83; 29.042602; 121694.04957693
842.87; 28.60457; 121752.28601346
844.90; 28.183361; 121809.66490429
846.94; 27.780804; 121866.22422296
848.98; 27.398886; 121922.00599093
851.01; 27.038586; 121977.05421819
853.05; 26.699117; 122031.41131593
855.08; 26.378372; 122085.11540569
857.12; 26.07449; 122138.20081733
859.16; 25.787675; 122190.7022979
861.19; 25.521103; 122242.66106012
863.23; 25.280117; 122294.12919567
865.26; 25.069832; 122345.16921095
867.30; 24.89221; 122395.84760267
869.34; 24.744128; 122446.22451263
871.37; 24.617691; 122496.34400765
873.41; 24.503007; 122546.23001419
875.44; 24.39243; 122595.89089728
877.48; 24.284397; 122645.33183471
879.51; 24.18489; 122694.57018428
881.55; 24.105479; 122743.64685935
883.59; 24.058317; 122792.62751708
885.62; 24.049897; 122841.59103178
887.66; 24.076085; 122890.60786233
889.69; 24.120628; 122939.71537866
891.73; 24.158031; 122988.89904393
893.77; 24.159981; 123038.08667916
895.80; 24.10308; 123087.15847022
897.84; 23.97512; 123135.96974626
899.87; 23.777726; 123184.37914414
901.91; 23.524659; 123232.27331942
903.95; 23.236754; 123279.58134497
905.98; 22.935668; 123326.27638513
908.02; 22.63888; 123372.36719126
910.05; 22.357612; 123417.88535942
912.09; 22.097922; 123462.87482174
914.13; 21.863836; 123507.38770409
916.16; 21.660545; 123551.4867047
918.20; 21.495855; 123595.25040973
920.23; 21.378968; 123638.77614273
922.27; 21.317046; 123682.17580899
924.30; 21.311066; 123725.56329966
926.34; 21.352899; 123769.03595996
928.38; 21.42513; 123812.65567654
930.41; 21.50402; 123856.43600566
932.45; 21.564811; 123900.34009901
934.48; 21.587648; 123944.29068683
936.52; 21.562188; 123988.18944158
938.56; 21.489473; 124031.94015363
940.59; 21.380634; 124075.46928018
942.63; 21.253079; 124118.73871399
944.66; 21.125489; 124161.74838688
946.70; 21.013201; 124204.52944993
948.74; 20.925111; 124247.13117095
950.77; 20.862647; 124289.60571942
952.81; 20.820588; 124331.99463959
954.84; 20.789132; 124374.31951825
956.88; 20.756429; 124416.5778172
958.92; 20.711; 124458.74362554
960.95; 20.643709; 124500.77243575
962.99; 20.549213; 124542.60886012
965.02; 20.426864; 124584.19619164
967.06; 20.281028; 124625.48661437
969.09; 20.120694; 124666.45061166
971.13; 19.958239; 124707.08386393
973.17; 19.807365; 124747.4099506
975.20; 19.680477; 124787.47770378
977.24; 19.586009; 124827.35312744
979.27; 19.526384; 124867.1071594
981.31; 19.497208; 124906.80179301
983.35; 19.488034; 124946.47774829
985.38; 19.484598; 124986.146708
987.42; 19.472043; 125025.79010632
989.45; 19.438324; 125065.36485654
991.49; 19.376964; 125104.81468383
993.53; 19.288483; 125144.08437028
995.56; 19.180181; 125183.13356291
997.60; 19.064367; 125221.94696909
999.63; 18.955468; 125260.53866514
1001.67; 18.866689; 125298.949616
1003.71; 18.806987; 125337.23901871
1005.74; 18.778993; 125375.47142824
1007.78; 18.778361; 125413.70255039
1009.81; 18.794692; 125451.96692134
1011.85; 18.813879; 125490.27035558
1013.89; 18.821375; 125528.58905037
1015.92; 18.80565; 125566.8757312
1017.96; 18.760992; 125605.07149276
1019.99; 18.688878; 125643.12043587
1022.03; 18.597463; 125680.98326483
1024.06; 18.499203; 125718.64604589
1026.10; 18.407172; 125756.1214593
1028.14; 18.331055; 125793.44190562
1030.17; 18.274017; 125830.64622804
1032.21; 18.231441; 125867.76386916
1034.24; 18.192043; 125904.801299
1036.28; 18.141149; 125941.73511249
1038.32; 18.065215; 125978.51433056
1040.35; 17.956232; 126015.07166979
1042.39; 17.814636; 126051.34073185
1044.42; 17.649765; 126087.27413104
1046.46; 17.477684; 126122.85718753
1048.50; 17.317008; 126158.11312044
1050.53; 17.183996; 126193.09825284
1052.57; 17.088384; 126227.88872752
1054.60; 17.031126; 126262.56263025
1056.64; 17.004565; 126297.18245705
1058.68; 16.994739; 126331.78227983
1060.71; 16.984908; 126366.36208573
1062.75; 16.959109; 126400.88936789
1064.78; 16.90478; 126435.30604148
1066.82; 16.813973; 126469.53783886
1068.85; 16.683348; 126503.5036954
1070.89; 16.51358; 126537.1239189
1072.93; 16.308884; 126570.32739862
1074.96; 16.077091; 126603.05896887
1077.00; 15.830162; 126635.28781302
1079.03; 15.584513; 126667.0165356
1081.07; 15.360326; 126698.28883334
1083.11; 15.179238; 126729.19245204
1085.14; 15.060399; 126759.85412453
1087.18; 15.015694; 126790.42478094
1089.21; 15.045527; 126821.05617644
1091.25; 15.136734; 126851.87326017
1093.29; 15.263735; 126882.94890725
1095.32; 15.393151; 126914.28803513
1097.36; 15.490927; 126945.82622516
1099.39; 15.530111; 126977.44418985
1101.43; 15.497082; 127008.99491185
1103.47; 15.394368; 127040.33651665
1105.50; 15.239203; 127071.36221961
1107.54; 15.058307; 127102.01963267
1109.57; 14.880496; 127132.31503748
1111.61; 14.729398; 127162.30282151
1113.64; 14.618387; 127192.06459664
1115.68; 14.549028; 127221.68516133
1117.72; 14.513128; 127251.23263682
1119.75; 14.497304; 127280.74789671
1121.79; 14.488254; 127310.24473207
1123.82; 14.476887; 127339.7184249
1125.86; 14.46006; 127369.1578585
1127.90; 14.439663; 127398.55576669
1129.93; 14.419794; 127427.91322202
1131.97; 14.40338; 127457.23726129
1134.00; 14.389723; 127486.53349563
1136.04; 14.373911; 127515.79753823
1138.08; 14.348296; 127545.00943007
1140.11; 14.305375; 127574.13393962
1142.15; 14.240937; 127603.12725731
1144.18; 14.156243; 127631.94814647
1146.22; 14.058462; 127660.56996276
1148.26; 13.959185; 127688.98965796
1150.29; 13.871556; 127717.23094972
1152.33; 13.806987; 127745.34078411
1154.36; 13.772446; 127773.38029638
1156.40; 13.76909; 127801.41297547
1158.43; 13.792461; 127829.49323548
1160.47; 13.834003; 127857.65807116
1162.51; 13.883291; 127885.923253
1164.54; 13.930284; 127914.28410963
1166.58; 13.967051; 127942.7198208
1168.61; 13.988686; 127971.19957736
1170.65; 13.993421; 127999.68897488
1172.69; 13.982145; 128028.15541609
1174.72; 13.957583; 128056.57185023
1176.76; 13.923388; 128084.9186659
1178.79; 13.883311; 128113.18388792
1180.83; 13.840535; 128141.36202217
1182.87; 13.79724; 128169.4520119
1184.90; 13.754433; 128197.45485073
1186.94; 13.712061; 128225.37142326
1188.97; 13.669355; 128253.20104966
1191.01; 13.625287; 128280.9409577
1193.05; 13.578953; 128308.58653332
1195.08; 13.529707; 128336.13184835
1197.12; 13.47698; 128363.56981657
1199.15; 13.419875; 128390.8915249
1201.19; 13.356798; 128418.08481309
1203.22; 13.285448; 128445.13283862
1205.26; 13.203407; 128472.01383537
1207.30; 13.109301; 128498.70324029
1209.33; 13.004205; 128525.17867918
1211.37; 12.89271; 128551.42712304
1213.40; 12.783035; 128577.45228004
1215.44; 12.685833; 128603.2795411
1217.48; 12.611766; 128628.95600797
1219.51; 12.568515; 128654.5444188
1221.55; 12.558192; 128680.11181402
1223.58; 12.576184; 128705.71583941
1225.62; 12.612022; 128731.39282706
1227.66; 12.652199; 128757.15161157
1229.69; 12.684092; 128782.97532724
1231.73; 12.699644; 128808.83070602
1233.76; 12.697459; 128834.6816371
1235.80; 12.682466; 128860.50204316
1237.84; 12.6632; 128886.28322585
1239.87; 12.647682; 128912.03281463
1241.91; 12.639452; 128937.76564753
1243.94; 12.635347; 128963.49012425
1245.98; 12.625982; 128989.19553382
1248.02; 12.598868; 129014.845741
1250.05; 12.543086; 129040.38238163
1252.09; 12.453762; 129065.73716713
1254.12; 12.334615; 129090.84937959
1256.16; 12.197541; 129115.68252133
1258.19; 12.059301; 129140.23421702
1260.23; 11.936467; 129164.53583272
1262.27; 11.84046; 129188.64198691
1264.30; 11.774457; 129212.61376596
1266.34; 11.733242; 129236.50163395
1268.37; 11.705946; 129260.33393067
1270.41; 11.680567; 129284.11455774
1272.45; 11.648493; 129307.82988453
1274.48; 11.607357; 129331.46146191
1276.52; 11.561229; 129354.99912638
1278.55; 11.518222; 129378.44923201
1280.59; 11.486582; 129401.83492222
1282.63; 11.470874; 129425.18863111
1284.66; 11.469759; 129448.54007153
1286.70; 11.47621; 129471.9046448
1288.73; 11.479986; 129495.27690453
1290.77; 11.471372; 129518.6316278
1292.81; 11.444713; 129541.93207593
1294.84; 11.400423; 129565.14235224
1296.88; 11.344806; 129588.23939824
1298.91; 11.287887; 129611.22056124
1300.95; 11.240159; 129634.10455494
1302.98; 11.20953; 129656.92619016
1305.02; 11.199515; 129679.7274369
1307.06; 11.209183; 129702.54836707
1309.09; 11.234592; 129725.42102666
1311.13; 11.270909; 129748.36762442
1313.16; 11.31421; 129771.40238027
1315.20; 11.362202; 129794.53484291
1317.24; 11.41367; 129817.77208966
1319.27; 11.467082; 129841.11807836
1321.31; 11.519163; 129864.57010072
1323.34; 11.564296; 129888.11401016
1325.38; 11.595219; 129911.72087441
1327.42; 11.604909; 129935.34746711
1329.45; 11.588975; 129958.94161989
1331.49; 11.547565; 129982.4514656
1333.52; 11.485939; 130005.83584541
1335.56; 11.413323; 130029.07238686
1337.60; 11.340349; 130052.16035843
1339.63; 11.275936; 130075.11719092
1341.67; 11.224773; 130097.96985995
1343.70; 11.186327; 130120.74425577
1345.74; 11.155778; 130143.45645629
1347.77; 11.126542; 130166.10913558
1349.81; 11.093437; 130188.69441667
1351.85; 11.05529; 130211.20203277
1353.88; 11.01598; 130233.62961717
1355.92; 10.983498; 130255.99107026
1357.95; 10.967316; 130278.31957934
1359.99; 10.975012; 130300.66375558
1362.03; 11.009329; 130323.07780016
1364.06; 11.066738; 130345.60872353
1366.10; 11.13797; 130368.28466972
1368.13; 11.210367; 130391.10800877
1370.17; 11.271223; 130414.055246
1372.21; 11.311053; 130437.08357343
1374.24; 11.325766; 130460.14185456
1376.28; 11.317186; 130483.18266879
1378.31; 11.291934; 130506.17207098
1380.35; 11.259198; 130529.09482595
1382.39; 11.228248; 130551.95457053
1384.42; 11.206477; 130574.76999091
1386.46; 11.198474; 130597.56911792
1388.49; 11.206192; 130620.38395737
1390.53; 11.229849; 130643.24696173
1392.56; 11.269007; 130666.18968656
1394.60; 11.32326; 130689.24286621
1396.64; 11.392262; 130712.43652881
1398.67; 11.47511; 130735.79886334
1400.71; 11.569453; 130759.35327212
1402.74; 11.670824; 130783.11406188
1404.78; 11.772624; 130807.08210732
1406.82; 11.866946; 130831.24218535
1408.85; 11.946072; 130855.5633572
1410.89; 12.0042; 130880.00287152
1412.92; 12.03884; 130904.51291013
1414.96; 12.051408; 130929.04853762
1417.00; 12.046817; 130953.57481726
1419.03; 12.032219; 130978.07137574
1421.07; 12.015362; 131002.53361521
1423.10; 12.003117; 131026.970926
1425.14; 12.000641; 131051.40319487
1427.18; 12.01135; 131075.85726653
1429.21; 12.037547; 131100.36467292
1431.25; 12.081252; 131124.96105963
1433.28; 12.144742; 131149.68670586
1435.32; 12.230433; 131174.58681152
1437.36; 12.340077; 131199.71014292
1439.39; 12.473567; 131225.10524851
1441.43; 12.627886; 131250.81453539
1443.46; 12.796739; 131276.86759141
1445.50; 12.971172; 131303.27577859
1447.53; 13.141146; 131330.03001749
1449.57; 13.297622; 131357.10282827
1451.61; 13.434537; 131384.45438527
1453.64; 13.550015; 131412.04104641
1455.68; 13.646428; 131439.82399646
1457.71; 13.729256; 131467.77557716
1459.75; 13.805106; 131495.8815818
1461.79; 13.879491; 131524.13902725
1463.82; 13.955045; 131552.55029475
1465.86; 14.030728; 131581.11564555
1467.89; 14.102279; 131609.8266678
1469.93; 14.163855; 131638.66305496
1471.97; 14.210441; 131667.59428605
1474.00; 14.240369; 131696.58644844
1476.04; 14.257214; 131725.61290515
1478.07; 14.270359; 131754.66612486
1480.11; 14.293846; 131783.76716116
1482.15; 14.343519; 131812.96932836
1484.18; 14.433038; 131842.35374896
1486.22; 14.569762; 131872.01652612
1488.25; 14.751773; 131902.04986239
1490.29; 14.967182; 131932.52175382
1492.32; 15.196297; 131963.46010372
1494.36; 15.41642; 131994.84660511
1496.40; 15.608135; 132026.62342114
1498.43; 15.761306; 132058.71208084
1500.47; 15.878918; 132091.04018729
1502.50; 15.977403; 132123.56880177
1504.54; 16.083172; 132156.31275112
1506.58; 16.226229; 132189.34795282
1508.61; 16.432758; 132222.80363086
1510.65; 16.718844; 132256.84175488
1512.68; 17.087118; 132291.62965163
1514.72; 17.527094; 132327.31330249
1516.76; 18.018752; 132363.99792581
1518.79; 18.537933; 132401.73955709
1520.83; 19.061782; 132440.54770097
1522.86; 19.572753; 132480.39613682
1524.90; 20.060515; 132521.2376133
1526.94; 20.522016; 132563.01866724
1528.97; 20.960543; 132605.69252356
1531.01; 21.384672; 132649.22986942
1533.04; 21.807579; 132693.62821918
1535.08; 22.246491; 132738.92015537
1537.11; 22.721572; 132785.17931416
1539.15; 23.253573; 132832.5215812
1541.19; 23.86011; 132881.09870532
1543.22; 24.551325; 132931.08308416
1545.26; 25.326475; 132982.64560077
1547.29; 26.173191; 133035.93195955
1549.33; 27.070594; 133091.04535295
1551.37; 27.996127; 133148.04305225
1553.40; 28.934459; 133206.95111272
1555.44; 29.885564; 133267.79554205
1557.47; 30.868868; 133330.64189227
1559.51; 31.921215; 133395.63073168
1561.55; 33.088424; 133462.99590805
1563.58; 34.412487; 133533.05676143
1565.62; 35.918437; 133606.18359943
1567.65; 37.605583; 133682.7453214
1569.69; 39.446861; 133763.05572656
1571.73; 41.397623; 133847.3377136
1573.76; 43.411943; 133935.72068374
1575.80; 45.461624; 134028.27662761
1577.83; 47.551553; 134125.08748536
1579.87; 49.725714; 134226.32474839
1581.90; 52.060914; 134332.31627589
1583.94; 54.649387; 134443.57771121
1585.98; 57.575622; 134560.79670784
1588.01; 60.895315; 134684.77431268
1590.05; 64.624346; 134816.34390479
1592.08; 68.742689; 134956.29808672
1594.12; 73.213037; 135105.35351186
1596.16; 78.008386; 135264.1718542
1598.19; 83.138753; 135433.43518046
1600.23; 88.66647; 135613.95246164
1602.26; 94.702581; 135806.75874432
1604.30; 101.38308; 136013.16594362
1606.34; 108.83107; 136234.73660282
1608.37; 117.11677; 136473.17624498
1610.41; 126.22938; 136730.16836388
1612.44; 136.07172; 137007.19863344
1614.48; 146.48171; 137305.42274807
1616.52; 157.27506; 137625.62118783
1618.55; 168.29553; 137968.25636226
1620.59; 179.45509; 138333.61142925
1622.62; 190.74787; 138721.95763901
1624.66; 202.22975; 139133.67995166
1626.70; 213.96591; 139569.2960754
1628.73; 225.96039; 140029.33192994
1630.77; 238.08837; 140514.0593006
1632.80; 250.05332; 141023.14628385
1634.84; 261.38521; 141555.30402217
1636.87; 271.48475; 142108.02353989
1638.91; 279.7058; 142677.48041231
1640.95; 285.45727; 143258.64678594
1642.98; 288.30007; 143845.60085064
1645.02; 288.01638; 144431.97734914
1647.05; 284.63614; 145011.471963
1649.09; 278.41713; 145578.30520138
1651.13; 269.78703; 146127.56830832
1653.16; 259.26443; 146655.40830471
1655.20; 247.37901; 147159.05061722
1657.23; 234.60879; 147636.69387563
1659.27; 221.34496; 148087.33311801
1661.31; 207.88585; 148510.57076823
1663.34; 194.45344; 148906.46119307
1665.38; 181.22074; 149275.41097879
1667.41; 168.33772; 149618.13204239
1669.45; 155.9468; 149935.62627079
1671.49; 144.18442; 150229.17330602
1673.52; 133.1709; 150500.2977685
1675.56; 122.99506; 150750.70509337
1677.59; 113.70096; 150982.19043405
1679.63; 105.2827; 151196.53693152
1681.66; 97.689451; 151395.42422237
1683.70; 90.839023; 151580.36463443
1685.74; 84.63557; 151752.67535098
1687.77; 78.985973; 151913.48397443
1689.81; 73.810867; 152063.75652928
1691.84; 69.048673; 152204.3336679
1693.88; 64.653698; 152335.96301683
1695.92; 60.591167; 152459.32140334
1697.95; 56.832345; 152575.02715232
1699.99; 53.351877; 152683.64697033
1702.02; 50.127735; 152785.70271184
1704.06; 47.142572; 152881.68092058
1706.10; 44.384655; 152972.04424681
1708.13; 41.846889; 153057.24090144
1710.17; 39.523738; 153137.70782111
1712.20; 37.407089; 153213.865425
1714.24; 35.482922; 153286.10559154
1716.28; 33.730435; 153354.77784636
1718.31; 32.124227; 153420.18000095
1720.35; 30.63878; 153482.55791348
1722.38; 29.2534; 153542.11531114
1724.42; 27.955549; 153599.03039623
1726.45; 26.741193; 153653.473157
1728.49; 25.612087; 153705.61715565
1730.53; 24.571241; 153755.64208116
1732.56; 23.61852; 153803.72734871
1734.60; 22.748186; 153850.04069131
1736.63; 21.949233; 153894.72743552
1738.67; 21.208113; 153937.90532278
1740.71; 20.512428; 153979.66685628
1742.74; 19.853874; 154020.0876299
1744.78; 19.229161; 154059.2365426
1746.81; 18.638682; 154097.18329045
1748.85; 18.083701; 154134.00014464
1750.89; 17.563488; 154169.75789133
1752.92; 17.073741; 154204.51855435
1754.96; 16.606977; 154238.3289259
1756.99; 16.154682; 154271.21846324
1759.03; 15.710217; 154303.20311004
1761.07; 15.271244; 154334.29404482
1763.10; 14.840672; 154364.50837202
1765.14; 14.425829; 154393.87811493
1767.17; 14.036226; 154422.45465928
1769.21; 13.680773; 154450.30753341
1771.24; 13.365379; 154477.51829088
1773.28; 13.091556; 154504.1715682
1775.32; 12.856253; 154530.34578881
1777.35; 12.652693; 154556.10558007
1779.39; 12.471833; 154581.49715499
1781.42; 12.304032; 154606.54710253
1783.46; 12.14067; 154631.2644586
1785.50; 11.975518; 154655.64557958
1787.53; 11.805739; 154679.68104619
1789.57; 11.632327; 154703.36345911
1791.60; 11.459781; 154726.6945844
1793.64; 11.294928; 154749.69008217
1795.68; 11.144966; 154772.38027043
1797.71; 11.015155; 154794.80617574
1799.75; 10.90675; 154817.01137702
1801.78; 10.815833; 154839.03147907
1803.82; 10.733503; 154860.88396434
1805.86; 10.647464; 154882.56128157
1807.89; 10.544632; 154904.02924278
1809.93; 10.414057; 154925.23136394
1811.96; 10.249366; 154946.09818793
1814.00; 10.050135; 154966.55939607
1816.04; 9.8219291; 154986.55599605
1818.07; 9.5751274; 155006.05012907
1820.11; 9.3229525; 155025.03085571
1822.14; 9.0791923; 155043.51530769
1824.18; 8.8560745; 155061.54551106
1826.21; 8.6626014; 155079.18181984
1828.25; 8.5035139; 155096.49424016
1830.29; 8.3789503; 155113.55305984
1832.32; 8.284805; 155130.42020782
1834.36; 8.2137323; 155147.14265799
1836.39; 8.1566535; 155163.74890067
1838.43; 8.1045066; 155180.2489766
1840.47; 8.0498798; 155196.63783722
1842.50; 7.9881525; 155212.90102622
1844.54; 7.9178691; 155229.02112444
1846.57; 7.8402965; 155244.98329156
1848.61; 7.7583673; 155260.7786579
1850.65; 7.675414; 155276.40513832
1852.68; 7.5941388; 155291.86614943
1854.72; 7.5161333; 155307.16834822
1856.75; 7.4420026; 155322.31962332
1858.79; 7.3718792; 155337.32813309
1860.83; 7.3059532; 155352.20242322
1862.86; 7.2446675; 155366.95194109
1864.90; 7.1884221; 155381.58694801
1866.93; 7.1369096; 155396.11707994
1868.97; 7.0884361; 155410.54852416
1871.00; 7.0396473; 155424.88063846
1873.04; 6.9859506; 155439.103431
1875.08; 6.9226435; 155453.1973357
1877.11; 6.846435; 155467.13608642
1879.15; 6.7568365; 155480.89242235
1881.18; 6.656876; 155494.44524735
1883.22; 6.5527867; 155507.78615549
1885.26; 6.4526625; 155520.92321943
1887.29; 6.364434; 155533.88065782
1889.33; 6.2937649; 155546.69422007
1891.36; 6.2425133; 155559.40343838
1893.40; 6.2082279; 155572.0428545
1895.44; 6.1848213; 155584.63461687
1897.47; 6.1641931; 155597.18438208
1899.51; 6.1382907; 155609.68141224
1901.54; 6.1009862; 155622.10249357
1903.58; 6.0492392; 155634.41822254
1905.62; 5.9832733; 155646.59965058
1907.65; 5.9058211; 155658.62339266
1909.69; 5.8207876; 155670.47401386
1911.72; 5.731838; 155682.14354125
1913.76; 5.6413988; 155693.62894225
1915.79; 5.550376; 155704.92902882
1917.83; 5.458613; 155716.04229382
1919.87; 5.365835; 155726.96667087
1921.90; 5.2726541; 155737.70133947
1923.94; 5.1811934; 155748.24980203
1925.97; 5.0950451; 155758.62287412
1928.01; 5.0185311; 155768.84017037
1930.05; 4.9555092; 155778.92915944
1932.08; 4.9081459; 155788.92172083
1934.12; 4.876104; 155798.84904776
1936.15; 4.8564533; 155808.73636752
1938.19; 4.844359; 155818.59906443
1940.23; 4.8343338; 155828.44135087
1942.26; 4.8216433; 155838.25780054
1944.30; 4.8034139; 155848.03713678
1946.33; 4.7791053; 155857.76698263
1948.37; 4.7502391; 155867.43805941
1950.41; 4.7195338; 155877.04662293
1952.44; 4.6897839; 155886.59461829
1954.48; 4.6628862; 155896.08785227
1956.51; 4.6393319; 155905.53313158
1958.55; 4.6182935; 155914.93557851
1960.58; 4.5982129; 155924.29714308
1962.62; 4.5776186; 155933.6167794
1964.66; 4.5558324; 155942.89206103
1966.69; 4.5332829; 155952.12143374
1968.73; 4.5112999; 155961.30605099
1970.76; 4.4914687; 155970.45029364
1972.80; 4.4747913; 155979.56058248
1974.84; 4.4609876; 155988.64276821
1976.87; 4.4482337; 155997.69898817
1978.91; 4.4334902; 156006.72519165
1980.94; 4.4133697; 156015.7104314
1982.98; 4.3852937; 156024.63851097
1985.02; 4.348567; 156033.49181809
1987.05; 4.3049912; 156042.25640854
1989.09; 4.2587684; 156050.92689344
1991.12; 4.2156597; 156059.50961276
1993.16; 4.1816043; 156068.02299823
1995.20; 4.1611908; 156076.49482364
1997.23; 4.1564334; 156084.9569633
1999.27; 4.1662221; 156093.439032
2001.30; 4.1866115; 156101.9626116
2003.34; 4.2118478; 156110.53757028
2005.37; 4.235811; 156119.161316
2007.41; 4.2534246; 156127.82092143
2009.45; 4.2616226; 156136.49721725
2011.48; 4.259626; 156145.16944814
2013.52; 4.2485218; 156153.81907187
2015.55; 4.2303653; 156162.43173045
2017.59; 4.2071621; 156170.99714947
2019.63; 4.1800919; 156179.5074558
2021.66; 4.1492107; 156187.9548907
2023.70; 4.1136778; 156196.32998374
2025.73; 4.0723563; 156204.62094966
2027.77; 4.0245161; 156212.8145171
2029.81; 3.970356; 156220.89781917
2031.84; 3.9111496; 156228.86058213
2033.88; 3.8489776; 156236.69676828
2035.91; 3.7861613; 156244.40506583
2037.95; 3.7246161; 156251.98806286
2039.99; 3.6653608; 156259.45042107
2042.02; 3.6083488; 156266.79670779
2044.06; 3.5526725; 156274.02964235
2046.09; 3.4970574; 156281.14934944
2048.13; 3.4404745; 156288.15385852
2050.17; 3.3826644; 156295.04067134
2052.20; 3.3244064; 156301.80887579
2054.24; 3.2674473; 156308.46111646
2056.27; 3.2141171; 156315.00478144
2058.31; 3.1667476; 156321.45200629
2060.34; 3.1270693; 156327.81844943
2062.38; 3.095761; 156334.1211516
2064.42; 3.0722817; 156340.37605191
2066.45; 3.0550258; 156346.59582068
2068.49; 3.0417511; 156352.78856339
2070.52; 3.0301477; 156358.95768249
2072.56; 3.0183758; 156365.10283509
2074.60; 3.0054145; 156371.22159964
2076.63; 2.9911214; 156377.31126458
2078.67; 2.9759988; 156383.3701413
2080.70; 2.960759; 156389.39799113
2082.74; 2.9458485; 156395.39548453
2084.78; 2.9311111; 156401.36297378
2086.81; 2.9157229; 156407.29913403
2088.85; 2.8984405; 156413.20010868
2090.88; 2.8780857; 156419.05964274
2092.92; 2.8540973; 156424.87033844
2094.96; 2.8269346; 156430.62573322
2096.99; 2.7981529; 156436.32253112
2099.03; 2.7700713; 156441.96215717
2101.06; 2.7450925; 156447.55092859
2103.10; 2.7248713; 156453.09853144
2105.13; 2.7095991; 156458.61504132
2107.17; 2.6976645; 156464.10725337
2109.21; 2.685845; 156469.57540193
2111.24; 2.6700189; 156475.01132998
2113.28; 2.6462137; 156480.39879279
2115.31; 2.6116847; 156485.7159574
2117.35; 2.5656922; 156490.9394852
2119.39; 2.5097333; 156496.04908556
2121.42; 2.4471522; 156501.03127619
2123.46; 2.3822536; 156505.88133884
2125.49; 2.3192018; 156510.60303365
2127.53; 2.2610505; 156515.20633738
2129.57; 2.2091906; 156519.70405868
2131.60; 2.1633531; 156524.10845888
2133.64; 2.1221074; 156528.42888649
2135.67; 2.0836301; 156532.67097747
2137.71; 2.0464454; 156536.83736361
2139.75; 2.0098772; 156540.92930016
2141.78; 1.9740841; 156544.94836508
2143.82; 1.9397255; 156548.89747875
2145.85; 1.9074511; 156552.78088454
2147.89; 1.877466; 156556.60324335
2149.92; 1.8493746; 156560.36841053
2151.96; 1.8223746; 156564.07860784
2154.00; 1.7957096; 156567.73451764
2156.03; 1.7691675; 156571.33638994
2158.07; 1.7433754; 156574.88575174
2160.10; 1.7197218; 156578.38695694
2162.14; 1.6998842; 156581.84777447
2164.18; 1.6851119; 156585.27851685
2166.21; 1.675533; 156588.68975745
2168.25; 1.6697702; 156592.08926538
2170.28; 1.6650552; 156595.47917411
2172.32; 1.6578576; 156598.85442907
2174.36; 1.6448503; 156602.20320237
2176.39; 1.6239043; 156605.50933133
2178.43; 1.5947745; 156608.75615453
2180.46; 1.5592377; 156611.93062793
2182.50; 1.5206223; 156615.02648373
2184.54; 1.4828766; 156618.0454926
2186.57; 1.4494768; 156620.99650234
2188.61; 1.4225246; 156623.8926397
2190.64; 1.4023135; 156626.74762894
2192.68; 1.3874762; 156629.57241072
2194.71; 1.3756278; 156632.37307019
2196.75; 1.3642578; 156635.15058124
2198.79; 1.3515567; 156637.90223403
2200.82; 1.3369085; 156640.62406439
2202.86; 1.3209143; 156643.31333201
2204.89; 1.3049883; 156645.97017559
2206.93; 1.2907116; 156648.59795307
2208.97; 1.2791997; 156651.20229334
2211.00; 1.2707085; 156653.78934624
2213.04; 1.2645965; 156656.36395562
2215.07; 1.2596183; 156658.92842973
2217.11; 1.2544042; 156661.48228837
2219.15; 1.2479276; 156664.02296137
2221.18; 1.2397873; 156666.5470613
2223.22; 1.2302209; 156669.05168489
2225.25; 1.2198815; 156671.53525835
2227.29; 1.2094951; 156673.99768603
2229.33; 1.199553; 156676.43987233
2231.36; 1.1901591; 156678.86293354
2233.40; 1.1810771; 156681.26750455
2235.43; 1.1719301; 156683.65345312
2237.47; 1.1624481; 156686.02009718
2239.51; 1.1526434; 156688.36677969
2241.54; 1.1428356; 156690.69349429
2243.58; 1.1335173; 156693.00123762
2245.61; 1.1251217; 156695.29188822
2247.65; 1.1177935; 156697.56761929
2249.68; 1.1112615; 156699.83005182
2251.72; 1.1048676; 156702.0794669
2253.76; 1.0977442; 156704.31437927
2255.79; 1.0890761; 156706.53164416
2257.83; 1.0783548; 156708.72708139
2259.86; 1.0655403; 156710.89642945
2261.90; 1.051085; 156713.03634786
2263.94; 1.0358227; 156715.14519339
2265.97; 1.0207679; 156717.22338864
2268.01; 1.0068936; 156719.27333713
2270.04; 0.99494705; 156721.29896346
2272.08; 0.98534164; 156723.305034
2274.12; 0.97813253; 156725.29642742
2276.15; 0.9730578; 156727.27748913
2278.19; 0.96961656; 156729.25154476
2280.22; 0.96715747; 156731.2205939
2282.26; 0.96496145; 156733.18517213
2284.30; 0.96231362; 156735.14435962
2286.33; 0.95856671; 156737.09591872
2288.37; 0.95319804; 156739.03654767
2290.40; 0.94585885; 156740.96223466
2292.44; 0.93641013; 156742.86868487
2294.47; 0.92493792; 156744.75177865
2296.51; 0.91174355; 156746.60800983
2298.55; 0.89730906; 156748.43485363
2300.58; 0.88224285; 156750.23102393
2302.62; 0.86721311; 156751.99659498
2304.65; 0.85287602; 156753.73297695
2306.69; 0.83980468; 156755.44274681
2308.73; 0.82842362; 156757.1293458
2310.76; 0.81895524; 156758.79666799
2312.80; 0.81138718; 156760.44858225
2314.83; 0.80547059; 156762.08845087
2316.87; 0.80075753; 156763.71872408
2318.91; 0.79667718; 156765.34069006
2320.94; 0.79263987; 156766.95443642
2322.98; 0.78814588; 156768.55903342
2325.01; 0.78287067; 156770.15289054
2327.05; 0.77670158; 156771.73418792
2329.09; 0.76971508; 156773.3012614
2331.12; 0.76210301; 156774.85283736
2333.16; 0.75407523; 156776.38806945
2335.19; 0.74577567; 156777.90640435
2337.23; 0.7372448; 156779.40737114
2339.26; 0.72844382; 156780.89041988
2341.30; 0.71933091; 156782.35491555
2343.34; 0.70995721; 156783.80032716
2345.37; 0.7005387; 156785.2265635
2347.41; 0.69146673; 156786.63433008
2349.44; 0.68324124; 156788.02535029
2351.48; 0.67634109; 156789.40232238
2353.52; 0.67107193; 156790.76856691
2355.55; 0.66744489; 156792.12742709
2357.59; 0.66513215; 156793.48157876
2359.62; 0.66352091; 156794.83245006
2361.66; 0.661854; 156796.17992769
2363.70; 0.659416; 156797.52244175
2365.73; 0.65570789; 156798.85740642
2367.77; 0.6505583; 156800.18188698
2369.80; 0.64414112; 156801.49330271
2371.84; 0.63690059; 156802.78997734
2373.88; 0.62941375; 156804.07140942
2375.91; 0.62223666; 156805.33822957
2377.95; 0.61578003; 156806.59190457
2379.98; 0.61024472; 156807.83431016
2382.02; 0.60562377; 156809.06730788
2384.05; 0.60175547; 156810.29243008
2386.09; 0.59839912; 156811.51071905
2388.13; 0.59530396; 156812.72270654
2390.16; 0.59225159; 156813.92847966
2392.20; 0.58906727; 156815.12776979
2394.23; 0.5856087; 156816.32001856
2396.27; 0.58174824; 156817.50440778
2398.31; 0.57736389; 156818.67987082
2400.34; 0.57234708; 156819.84512009
2402.38; 0.56662621; 156820.99872216
2404.41; 0.56019675; 156822.1392344
2406.45; 0.55314586; 156823.26539163
2408.49; 0.54566094; 156824.37631021
2410.52; 0.53801715; 156825.4716667
2412.56; 0.53054545; 156826.55181145
2414.59; 0.52358806; 156827.61779154
2416.63; 0.51745084; 156828.6712768
2418.67; 0.51236189; 156829.71440139
2420.70; 0.50844262; 156830.74954667
2422.74; 0.50569464; 156831.77909732
2424.77; 0.50400202; 156832.80520193
2426.81; 0.50314653; 156833.82956483
2428.85; 0.50283278; 156834.85328897
2430.88; 0.50272005; 156835.87678361
2432.92; 0.50245865; 156836.89974605
2434.95; 0.50172878; 156837.92122253
2436.99; 0.50027995; 156838.93974933
2439.02; 0.49796736; 156839.95356789
2441.06; 0.49478015; 156840.96089757
2443.10; 0.49085469; 156841.96023536
2445.13; 0.48646612; 156842.95063839
2447.17; 0.48199362; 156843.93193581
2449.20; 0.47786018; 156844.90481789
2451.24; 0.47445465; 156845.87076661
2453.28; 0.47205123; 156846.83182217
2455.31; 0.47074603; 156847.79022046
2457.35; 0.4704296; 156848.74797452
2459.38; 0.47080775; 156849.70649847
2461.42; 0.47147033; 156850.66637137
2463.46; 0.47199306; 156851.62730849
2465.49; 0.47204549; 156852.58835236
2467.53; 0.47147278; 156853.54823026
2469.56; 0.47032437; 156854.50577009
2471.60; 0.46881712; 156855.46024129
2473.64; 0.46724187; 156856.41150541
2475.67; 0.46584185; 156857.35991922
2477.71; 0.46470415; 156858.30601677
2479.74; 0.46370371; 156859.25007751
2481.78; 0.46252449; 156860.19173746
2483.81; 0.46075637; 156861.12979765
2485.85; 0.45803956; 156862.06232667
2487.89; 0.45420875; 156862.98705647
2489.92; 0.44938557; 156863.90196671
2491.96; 0.44398298; 156864.80587773
2493.99; 0.43861345; 156865.69885686
2496.03; 0.43392643; 156866.58229362
2498.07; 0.43042624; 156867.45860429
2500.10; 0.42833013; 156868.33064748
2502.14; 0.4275142; 156869.2010295
2504.17; 0.42756502; 156870.07151499
2506.21; 0.42791911; 156870.94272137
2508.25; 0.42804233; 156871.81417861
2510.28; 0.4275889; 156872.68471271
2512.32; 0.42648862; 156873.55300673
2514.35; 0.42493792; 156874.41814367
2516.39; 0.42330488; 156875.27995586
2518.43; 0.42198725; 156876.13908549
2520.46; 0.42127606; 156876.9967672
2522.50; 0.42127059; 156877.85443776
2524.53; 0.42186825; 156878.7133251
2526.57; 0.42282397; 156879.57415821
2528.60; 0.42384939; 156880.437079
2530.64; 0.42471195; 156881.30175589
2532.68; 0.4252988; 156882.16762754
2534.71; 0.42562804; 156883.0341695
2536.75; 0.42581091; 156883.90108376
2538.78; 0.42598532; 156884.76835311
2540.82; 0.42624785; 156885.63615694
2542.86; 0.42660712; 156886.50469222
2544.89; 0.42697055; 156887.37396741
2546.93; 0.42716331; 156888.24363504
2548.96; 0.42697; 156889.1129091
2551.00; 0.42618541; 156889.98058581
2553.04; 0.42466283; 156890.84516268
2555.07; 0.42235171; 156891.70503431
2557.11; 0.41931964; 156892.55873291
2559.14; 0.41575525; 156893.40517472
2561.18; 0.41194935; 156894.24386805
2563.22; 0.408254; 156895.07503796
2565.25; 0.40502344; 156895.89963073
2567.29; 0.40254733; 156896.71918235
2569.32; 0.40099218; 156897.53556782
2571.36; 0.40036809; 156898.35068269
2573.39; 0.40053331; 156899.16613395
2575.43; 0.40123816; 156899.9830202
2577.47; 0.40219688; 156900.80185834
2579.50; 0.40316586; 156901.62266924
2581.54; 0.40400333; 156902.44518515
2583.57; 0.40469205; 156903.26910324
2585.61; 0.40531964; 156904.09429905
2587.65; 0.40602649; 156904.92093395
2589.68; 0.40694248; 156905.74943372
2591.72; 0.40813641; 156906.58036423
2593.75; 0.40959539; 156907.4142651
2595.79; 0.41123839; 156908.25151097
2597.83; 0.41295436; 156909.0922504
2599.86; 0.41464641; 156909.93643471
2601.90; 0.4162631; 156910.78391046
2603.93; 0.41780481; 156911.63452501
2605.97; 0.41930508; 156912.48819396
2608.01; 0.42079714; 156913.34490062
2610.04; 0.42228147; 156914.20462925
2612.08; 0.42370838; 156915.06726295
2614.11; 0.4249822; 156915.93249003
2616.15; 0.42598446; 156916.79975763
2618.19; 0.42660556; 156917.66828974
2620.22; 0.4267724; 156918.5371615
2622.26; 0.42646192; 156919.40540116
2624.29; 0.42569738; 156920.27208428
2626.33; 0.42453091; 156921.13639257
2628.36; 0.4230209; 156921.99762662
2630.40; 0.42121357; 156922.85518109
2632.44; 0.41913552; 156923.70850484
2634.47; 0.41679935; 156924.55707235
2636.51; 0.41421974; 156925.40038801
2638.54; 0.4114344; 156926.23803293
2640.58; 0.40852317; 156927.06975085
2642.62; 0.40561956; 156927.89555726
2644.65; 0.40291042; 156928.7158481
2646.69; 0.40062219; 156929.5314803
2648.72; 0.39899379; 156930.34379722
2650.76; 0.39823926; 156931.15457798
2652.80; 0.39850562; 156931.96590102
2654.83; 0.39983413; 156932.77992879
2656.87; 0.40213477; 156933.59864048
2658.90; 0.40518298; 156934.42355805
2660.94; 0.4086441; 156935.25552217
2662.98; 0.41212449; 156936.09457205
2665.01; 0.41524035; 156936.93996557
2667.05; 0.41768874; 156937.79034379
2669.08; 0.41930228; 156938.64400704
2671.12; 0.42007201; 156939.4992374
2673.15; 0.42013115; 156940.35458816
2675.19; 0.41970413; 156941.20906955
2677.23; 0.41903692; 156942.06219255
2679.26; 0.41833055; 156942.91387745
2681.30; 0.41769979; 156943.76427817
2683.33; 0.41716928; 156944.61359882
2685.37; 0.41670652; 156945.46197732
2687.41; 0.41627654; 156946.30948042
2689.44; 0.4158946; 156947.15620592
2691.48; 0.41565327; 156948.0024401
2693.51; 0.41570984; 156948.84878946
2695.55; 0.41623591; 156949.69620986
2697.59; 0.41734693; 156950.54589219
2699.62; 0.41903985; 156951.39902116
2701.66; 0.42116601; 156952.2564788
2703.69; 0.42345524; 156953.11859713
2705.73; 0.4255879; 156953.98505737
2707.77; 0.42729288; 156954.85498879
2709.80; 0.42843768; 156955.72725092
2711.84; 0.42907728; 156956.60081524
2713.87; 0.42944147; 156957.475121
2715.91; 0.42986181; 156958.35028255
2717.94; 0.43066108; 156959.22707134
2719.98; 0.43204205; 156960.10667168
2722.02; 0.4340136; 156960.99028591
2724.05; 0.43637967; 156961.87871727
2726.09; 0.43879537; 156962.77206677
2728.12; 0.44087162; 156963.66964334
2730.16; 0.44229442; 156964.5701166
2732.20; 0.44292062; 156965.47186475
2734.23; 0.44282148; 156966.37341107
2736.27; 0.44226297; 156967.27382031
2738.30; 0.44163189; 156968.17294472
2740.34; 0.44133258; 156969.07145975
2742.38; 0.44168498; 156969.97069225
2744.41; 0.44285133; 156970.87229934
2746.45; 0.44480747; 156971.77788897
2748.48; 0.44736099; 156972.68867733
2750.52; 0.45020627; 156973.60525843
2752.56; 0.45299976; 156974.52752686
2754.59; 0.45543728; 156975.45475785
2756.63; 0.45731812; 156976.38581807
2758.66; 0.45858599; 156977.31945957
2760.70; 0.45934128; 156978.25463877
2762.73; 0.45982366; 156979.19080005
2764.77; 0.46036711; 156980.12806776
2766.81; 0.46133295; 156981.06730182
2768.84; 0.4630304; 156982.00999176
2770.88; 0.46563885; 156982.95799228
2772.91; 0.46914833; 156983.9131378
2774.95; 0.47333537; 156984.87680777
2776.99; 0.47778607; 156985.84953898
2779.02; 0.48196901; 156986.83078628
2781.06; 0.48534768; 156987.81891226
2783.09; 0.48750939; 156988.81143931
2785.13; 0.48827926; 156989.80553375
2787.17; 0.48778687; 156990.79862572
2789.20; 0.4864621; 156991.78902058
2791.24; 0.48495356; 156992.77634419
2793.27; 0.48398433; 156993.76169451
2795.31; 0.48417925; 156994.74744167
2797.35; 0.48590931; 156995.73671109
2799.38; 0.48919736; 156996.73267469
2801.42; 0.49371427; 156997.73783433
2803.45; 0.49886996; 156998.75349051
2805.49; 0.50397547; 156999.77954107
2807.52; 0.50843053; 157000.81466176
2809.56; 0.51188246; 157001.85681028
2811.60; 0.51431026; 157002.90390159
2813.63; 0.51601084; 157003.95445513
2815.67; 0.51749439; 157005.00802905
2817.70; 0.51932364; 157006.06532715
2819.74; 0.5219477; 157007.12796762
2821.78; 0.5255801; 157008.19800334
2823.81; 0.53015367; 157009.27735046
2825.85; 0.53535847; 157010.3672941
2827.88; 0.54074254; 157011.46819924
2829.92; 0.54583834; 157012.579479
2831.96; 0.55027485; 157013.69979111
2833.99; 0.55384647; 157014.82737473
2836.03; 0.55652901; 157015.96041977
2838.06; 0.55845178; 157017.0973794
2840.10; 0.55984681; 157018.23717918
2842.14; 0.56099687; 157019.37932038
2844.17; 0.56219609; 157020.5239031
2846.21; 0.56372485; 157021.67159824
2848.24; 0.56583119; 157022.82358171
2850.28; 0.56870873; 157023.98142359
2852.32; 0.57246579; 157025.14691453
2854.35; 0.57709025; 157026.32182048
2856.39; 0.5824229; 157027.50758324
2858.42; 0.58815506; 157028.70501618
2860.46; 0.59386121; 157029.91406635
2862.49; 0.59906694; 157031.13371493
2864.53; 0.60333983; 157032.36206275
2866.57; 0.60638279; 157033.59660577
2868.60; 0.60810723; 157034.83465961
2870.64; 0.60866909; 157036.07385735
2872.67; 0.60846055; 157037.31263052
2874.71; 0.60806052; 157038.55058926
2876.75; 0.60815392; 157039.78873816
2878.78; 0.6094327; 157041.02949054
2880.82; 0.61249091; 157042.27646918
2882.85; 0.61772539; 157043.53410477
2884.89; 0.62525423; 157044.80706842
2886.93; 0.63486748; 157046.09960382
2888.96; 0.64602612; 157047.41485724
2891.00; 0.65792232; 157048.75433031
2893.03; 0.66960424; 157050.11758677
2895.07; 0.68015154; 157051.50231661
2897.11; 0.68886903; 157052.9047945
2899.14; 0.69545141; 157054.32067355
2901.18; 0.70007047; 157055.74595661
2903.21; 0.70335054; 157057.17791761
2905.25; 0.70622746; 157058.61573578
2907.28; 0.70972188; 157060.06066827
2909.32; 0.71468759; 157061.51571053
2911.36; 0.72160848; 157062.98484312
2913.39; 0.73050568; 157064.47208964
2915.43; 0.74098356; 157065.98066821
2917.46; 0.75239765; 157067.5124849
2919.50; 0.76408646; 157069.068099
2921.54; 0.775587; 157070.6471272
2923.57; 0.78675963; 157072.24890192
2925.61; 0.79778018; 157073.87311351
2927.64; 0.80900518; 157075.52017823
2929.68; 0.82076205; 157077.19117894
2931.72; 0.83314322; 157078.88738663
2933.75; 0.8458819; 157080.60952918
2935.79; 0.85835785; 157082.35707168
2937.82; 0.86973517; 157084.12777741
2939.86; 0.87918846; 157085.91772923
2941.90; 0.88614439; 157087.72184274
2943.93; 0.89046303; 157089.53474861
2945.97; 0.89250611; 157091.35181402
2948.00; 0.89307843; 157093.17004463
2950.04; 0.89326769; 157094.98866055
2952.07; 0.89423504; 157096.80924593
2954.11; 0.89701489; 157098.63549083
2956.15; 0.90236948; 157100.47263721
2958.18; 0.91071977; 157102.32678406
2960.22; 0.92214904; 157104.20419992
2962.25; 0.93645897; 157106.11074956
2964.29; 0.95325223; 157108.05148883
2966.33; 0.97201978; 157110.03043721
2968.36; 0.99221887; 157112.05050919
2970.40; 1.0133346; 157114.11357107
2972.43; 1.0349217; 157116.22058236
2974.47; 1.056623; 157118.37177565
2976.51; 1.0781651; 157120.56682671
2978.54; 1.0993329; 157122.80497355
2980.58; 1.1199347; 157125.08506395
2982.61; 1.1397729; 157127.40554323
2984.65; 1.1586363; 157129.76442671
2986.69; 1.1763234; 157132.15931971
2988.72; 1.1926922; 157134.58753816
2990.76; 1.2077169; 157137.04634544
2992.79; 1.2215271; 157139.53326915
2994.83; 1.2344084; 157142.04641802
2996.86; 1.2467565; 157144.58470676
2998.90; 1.2590012; 157147.14792457
3000.94; 1.2715255; 157149.73664082
3002.97; 1.2846134; 157152.35200292
3005.01; 1.2984411; 157154.99551688
3007.04; 1.3131077; 157157.66889091
3009.08; 1.3286812; 157160.37397119
3011.12; 1.3452245; 157163.11273224
3013.15; 1.3627821; 157165.88723898
3015.19; 1.3813274; 157168.69950244
3017.22; 1.4007011; 157171.55120895
3019.26; 1.4205807; 157174.44338865
3021.30; 1.4405174; 157177.37615784
3023.33; 1.4600428; 157180.34867894
3025.37; 1.4788132; 157183.35941507
3027.40; 1.496733; 157186.40663438
3029.44; 1.5139943; 157189.48899612
3031.48; 1.5310038; 157192.60598781
3033.51; 1.5482157; 157195.75802128
3035.55; 1.5659352; 157198.94613017
3037.58; 1.5841833; 157202.17139075
3039.62; 1.6026901; 157205.43432956
3041.66; 1.6210337; 157208.73461433
3043.69; 1.6388731; 157212.07121856
3045.73; 1.6561713; 157215.44304043
3047.76; 1.6732976; 157218.84972994
3049.80; 1.6909404; 157222.29233872
3051.83; 1.7098427; 157225.77343096
3053.87; 1.7304548; 157229.2964875
3055.91; 1.7526499; 157232.86473152
3057.94; 1.7756392; 157236.47977975
3059.98; 1.7981492; 157240.14065635
3062.01; 1.8188232; 157243.84362349
3064.05; 1.8367071; 157247.58300062
3066.09; 1.8516323; 157251.35276412
3068.12; 1.8643355; 157255.14839023
3070.16; 1.8762454; 157258.968264
3072.19; 1.888994; 157262.81409284
3074.23; 1.9038177; 157266.69010134
3076.27; 1.9210645; 157270.60122292
3078.30; 1.9399916; 157274.55087844
3080.34; 1.9589351; 157278.53910134
3082.37; 1.9758044; 157282.56166861
3084.41; 1.9887374; 157286.61056631
3086.45; 1.9967022; 157290.67567969
3088.48; 1.999854; 157294.74720993
3090.52; 1.9995472; 157298.81811537
3092.55; 1.99802; 157302.88591174
3094.59; 1.9978751; 157306.95341302
3096.62; 2.0015254; 157311.02834604
3098.66; 2.0107687; 157315.12209751
3100.70; 2.0265828; 157319.24804509
3102.73; 2.0491502; 157323.41993804
3104.77; 2.0780428; 157327.65065382
3106.80; 2.1124609; 157331.95144197
3108.84; 2.151431; 157336.3315699
3110.88; 2.1939082; 157340.79817769
3112.91; 2.2387876; 157345.356156
3114.95; 2.2848719; 157350.00795794
3116.98; 2.3308575; 157354.75338255
3119.02; 2.375386; 157359.58946337
3121.06; 2.4171716; 157364.51061604
3123.09; 2.4551747; 157369.5091399
3125.13; 2.4887683; 157374.57605743
3127.16; 2.5178398; 157379.70216193
3129.20; 2.5427953; 157384.87907369
3131.24; 2.5644661; 157390.10010529
3133.27; 2.5839493; 157395.36080308
3135.31; 2.6024346; 157400.65913536
3137.34; 2.6210637; 157405.99539492
3139.38; 2.6408504; 157411.3719384
3141.41; 2.6626572; 157416.79287872
3143.45; 2.6872027; 157422.2637915
3145.49; 2.7150609; 157427.79142108
3147.52; 2.7466271; 157433.38331674
3149.56; 2.7820468; 157439.04732382
3151.59; 2.8211314; 157444.79090389
3153.63; 2.8633033; 157450.62034234
3155.67; 2.9076092; 157456.53998367
3157.70; 2.9528209; 157462.55167227
3159.74; 2.997611; 157468.6545496
3161.77; 3.0407587; 157474.84527186
3163.81; 3.0813327; 157481.11859923
3165.85; 3.1188043; 157487.46821569
3167.88; 3.1530745; 157493.88760331
3169.92; 3.1844299; 157500.37082772
3171.95; 3.2134664; 157506.91316801
3173.99; 3.2410165; 157513.51159791
3176.03; 3.2680917; 157520.16515062
3178.06; 3.2958212; 157526.87515823
3180.10; 3.3253437; 157533.64527106
3182.13; 3.3576171; 157540.48108969
3184.17; 3.3931501; 157547.38925035
3186.20; 3.431717; 157554.37593
3188.24; 3.472168; 157561.44496436
3190.28; 3.5124564; 157568.59602238
3192.31; 3.5499629; 157575.82344048
3194.35; 3.5821009; 157583.11628869
3196.38; 3.6070737; 157590.45997948
3198.42; 3.6245706; 157597.83929233
3200.46; 3.636164; 157605.24220843
3202.49; 3.6452409; 157612.66360423
3204.53; 3.656431; 157620.1077822
3206.56; 3.6746597; 157627.5890722
3208.60; 3.7040752; 157635.13024966
3210.64; 3.7471479; 157642.75911932
3212.67; 3.8041813; 157650.50410411
3214.71; 3.873343; 157658.38989616
3216.74; 3.9511596; 157666.43411605
3218.78; 4.0332929; 157674.64555222
3220.82; 4.1153612; 157683.02407236
3222.85; 4.1936049; 157691.56189001
3224.89; 4.2652937; 157700.24565982
3226.92; 4.328882; 157709.0588899
3228.96; 4.3839968; 157717.98432911
3231.00; 4.4313544; 157727.00618425
3233.03; 4.472659; 157736.11213193
3235.07; 4.5104732; 157745.2950661
3237.10; 4.5480009; 157754.55440338
3239.14; 4.5887273; 157763.89665619
3241.17; 4.635917; 157773.33498317
3243.21; 4.6920485; 157782.88758897
3245.25; 4.7583288; 157792.57513568
3247.28; 4.8344394; 157802.41763698
3249.32; 4.9186079; 157812.43149822
3251.35; 5.0079963; 157822.62734651
3253.39; 5.0992885; 157833.00905779
3255.43; 5.1892973; 157843.57401919
3257.46; 5.2754165; 157854.31431187
3259.50; 5.3558201; 157865.21829929
3261.53; 5.4294198; 157876.2721295
3263.57; 5.4956879; 157887.46087576
3265.61; 5.5544875; 157898.76933301
3267.64; 5.6060225; 157910.18271097
3269.68; 5.650927; 157921.68751071
3271.71; 5.6904214; 157933.27271761
3273.75; 5.726398; 157944.93116978
3275.79; 5.7613127; 157956.66070517
3277.82; 5.7978327; 157968.46459218
3279.86; 5.8383054; 157980.35087817
3281.89; 5.8842081; 157992.33061812
3283.93; 5.9357769; 158004.41534759
3285.96; 5.9919678; 158016.61447692
3288.00; 6.0507925; 158028.93336828
3290.04; 6.1099325; 158041.37266352
3292.07; 6.1674287; 158053.92901611
3294.11; 6.2222064; 158066.59689138
3296.14; 6.2742461; 158079.37071485
3298.18; 6.3243333; 158092.2465117
3300.22; 6.3734702; 158105.2223469
3302.25; 6.4221515; 158118.29729316
3304.29; 6.4697683; 158131.46918307
3306.32; 6.5143653; 158144.73186867
3308.36; 6.5528776; 158158.07296202
3310.40; 6.5818223; 158171.47298421
3312.43; 6.5982821; 158184.9065172
3314.47; 6.6009236; 158198.34542795
3316.50; 6.5907688; 158211.76366433
3318.54; 6.5714943; 158225.14265958
3320.58; 6.5491424; 158238.47614828
3322.61; 6.5312702; 158251.77325075
3324.65; 6.5256997; 158265.05901219
3326.68; 6.5391272; 158278.37211072
3328.72; 6.5758884; 158291.76005192
3330.75; 6.6371463; 158305.27270908
3332.79; 6.7206746; 158318.95542254
3334.83; 6.821279; 158332.8429579
3336.86; 6.9317593; 158346.95542151
3338.90; 7.0441938; 158361.29679219
3340.93; 7.1512686; 158375.85615792
3342.97; 7.2473731; 158390.61118405
3345.01; 7.3292584; 158405.53292158
3347.04; 7.3961686; 158420.59088255
3349.08; 7.4494868; 158435.75739472
3351.11; 7.4920454; 158451.01055263
3353.15; 7.5273107; 158466.33550755
3355.19; 7.5586466; 158481.72425964
3357.22; 7.5888102; 158497.17442217
3359.26; 7.6197408; 158512.6875569
3361.29; 7.6526176; 158528.26762584
3363.33; 7.68809; 158543.91991367
3365.37; 7.7265604; 158559.65052388
3367.40; 7.7684003; 158575.46631641
3369.44; 7.8140245; 158591.374996
3371.47; 7.8637974; 158607.38500886
3373.51; 7.9178; 158623.5049663
3375.54; 7.9755371; 158639.74247161
3377.58; 8.0356943; 158656.10245162
3379.62; 8.0960648; 158672.58534092
3381.65; 8.1537508; 158689.18567378
3383.69; 8.2056817; 158705.89173361
3385.72; 8.2494122; 158722.6868248
3387.76; 8.2840479; 158739.55243147
3389.80; 8.3110643; 158756.47304104
3391.83; 8.3347354; 158773.44184302
3393.87; 8.3619413; 158790.46603378
3395.90; 8.4012508; 158807.57025528
3397.94; 8.4613829; 158824.79690059
3399.98; 8.5493555; 158842.20265064
3402.01; 8.6687753; 158859.85152902
3404.05; 8.8187383; 158877.80571913
3406.08; 8.9936792; 158896.11607381
3408.12; 9.1842536; 158914.81442145
3410.16; 9.3790459; 158933.90934953
3412.19; 9.5666612; 158953.38624608
3414.23; 9.7376624; 158973.21128629
3416.26; 9.8858971; 158993.33811963
3418.30; 10.008975; 159013.71552865
3420.34; 10.107935; 159034.29441145
3422.37; 10.186374; 159055.03298995
3424.41; 10.249411; 159075.89990532
3426.44; 10.302802; 159096.87552018
3428.48; 10.352378; 159117.95206927
3430.51; 10.403758; 159139.13322252
3432.55; 10.462155; 159160.43326624
3434.59; 10.532096; 159181.87570525
3436.62; 10.616941; 159203.49088129
3438.66; 10.718253; 159225.31231982
3440.69; 10.835236; 159247.37192473
3442.73; 10.964479; 159269.69465847
3444.77; 11.100214; 159292.29373693
3446.80; 11.235109; 159315.16744852
3448.84; 11.361471; 159338.29842288
3450.87; 11.472591; 159361.6556286
3452.91; 11.56392; 159385.19877241
3454.95; 11.633865; 159408.88431707
3456.98; 11.684111; 159432.6721585
3459.02; 11.719525; 159456.53210021
3461.05; 11.747754; 159480.44951313
3463.09; 11.778636; 159504.42980031
3465.13; 11.823471; 159528.50136731
3467.16; 11.894089; 159552.71670613
3469.20; 12.001651; 159577.15103137
3471.23; 12.155137; 159601.89784213
3473.27; 12.359639; 159627.06099982
3475.30; 12.614727; 159652.74349568
3477.34; 12.913352; 159679.03396633
3479.38; 13.241725; 159705.99297596
3481.41; 13.580544; 159733.6417919
3483.45; 13.907621; 159761.95650801
3485.48; 14.201584; 159790.86970783
3487.52; 14.44595; 159820.28041595
3489.56; 14.632601; 159850.07112862
3491.59; 14.763695; 159880.12873741
3493.63; 14.851327; 159910.36475657
3495.66; 14.91478; 159940.72996044
3497.70; 14.975896; 159971.21959267
3499.74; 15.053684; 160001.86759504
3501.77; 15.159621; 160032.73127422
3503.81; 15.295033; 160063.87064099
3505.84; 15.451432; 160095.32842349
3507.88; 15.613825; 160127.11682404
3509.92; 15.766127; 160159.21529711
3511.95; 15.897097; 160191.58041463
3513.99; 16.004989; 160224.16519134
3516.02; 16.099423; 160256.94222617
3518.06; 16.199822; 160289.92366641
3520.09; 16.330816; 160323.17179932
3522.13; 16.515926; 160356.79680002
3524.17; 16.771418; 160390.94195864
3526.20; 17.1021; 160425.76035915
3528.24; 17.500238; 160461.38933406
3530.27; 17.947735; 160497.92937316
3532.31; 18.420783; 160535.43249813
3534.35; 18.895485; 160573.90207502
3536.38; 19.352789; 160613.30268397
3538.42; 19.781492; 160653.57609472
3540.45; 20.178785; 160694.65835961
3542.49; 20.548682; 160736.49370239
3544.53; 20.899276; 160779.04282419
3546.56; 21.24; 160822.28563028
3548.60; 21.579822; 160866.22028506
3550.63; 21.926754; 160910.86126476
3552.67; 22.288399; 160956.23852081
3554.71; 22.672784; 161002.39835241
3556.74; 23.088655; 161049.40486162
3558.78; 23.544666; 161097.33976944
3560.81; 24.047547; 161146.29849988
3562.85; 24.59995; 161196.38187483
3564.88; 25.199064; 161247.68499378
3566.92; 25.837024; 161300.28694539
3568.96; 26.503539; 161354.24586382
3570.99; 27.190222; 161409.60280985
3573.03; 27.895213; 161466.39505589
3575.06; 28.626169; 161524.67546548
3577.10; 29.39998; 161584.53128714
3579.14; 30.238578; 161646.0944229
3581.17; 31.16176; 161709.53707692
3583.21; 32.179363; 161775.05148223
3585.24; 33.285891; 161842.81868319
3587.28; 34.460236; 161912.97674984
3589.32; 35.671533; 161985.60091241
3591.35; 36.889878; 162060.70552074
3593.39; 38.098519; 162138.27081679
3595.42; 39.303085; 162218.28850581
3597.46; 40.534114; 162300.81246401
3599.50; 41.841399; 162385.99794086
3601.53; 43.281847; 162474.11604609
3603.57; 44.905307; 162565.53937531
3605.60; 46.743971; 162660.70606541
3607.64; 48.809878; 162760.07876406
3609.67; 51.101902; 162864.11782585
3611.71; 53.619608; 162973.28272061
3613.75; 56.37812; 163088.06370773
3615.78; 59.417122; 163209.03184112
3617.82; 62.798999; 163336.88518356
3619.85; 66.595313; 163472.46749341
3621.89; 70.865789; 163616.74412469
3623.93; 75.637627; 163770.73580567
3625.96; 80.893652; 163935.42829936
3628.00; 86.575024; 164111.68757719
3630.03; 92.598812; 164300.21076684
3632.07; 98.884782; 164501.53164924
3634.11; 105.38169; 164716.07966848
3636.14; 112.08286; 164944.27069146
3638.18; 119.02449; 165186.59428657
3640.21; 126.26637; 165443.66171228
3642.25; 133.86132; 165716.19181124
3644.29; 141.82432; 166004.93389335
3646.32; 150.11207; 166310.54911266
3648.36; 158.62016; 166633.48607313
3650.39; 167.19804; 166973.88684906
3652.43; 175.67507; 167331.54613552
3654.47; 183.88705; 167705.9243074
3656.50; 191.69251; 168096.19370935
3658.54; 198.97293; 168501.28541376
3660.57; 205.61816; 168919.90623368
3662.61; 211.50512; 169350.51240291
3664.64; 216.48184; 169791.25074758
3666.68; 220.36785; 170239.90068096
3668.72; 222.97649; 170693.86156883
3670.75; 224.15632; 171150.22448282
3672.79; 223.84116; 171605.94576744
3674.82; 222.09348; 172058.10892035
3676.86; 219.12645; 172504.23146639
3678.90; 215.29585; 172942.55522716
3680.93; 211.06155; 173372.25832004
3682.97; 206.928; 173793.54586189
3685.00; 203.37892; 174207.60779737
3687.04; 200.82309; 174616.46626711
3689.08; 199.56356; 175022.7604519
3691.11; 199.79505; 175429.52593818
3693.15; 201.62461; 175840.01625073
3695.18; 205.10421; 176257.59072158
3697.22; 210.26132; 176685.66461511
3699.26; 217.11655; 177127.69516964
3701.29; 225.68442; 177587.16916121
3703.33; 235.96144; 178067.56628923
3705.36; 247.91208; 178572.2938946
3707.40; 261.46432; 179104.61267879
3709.43; 276.5226; 179667.58882363
3711.47; 292.99752; 180264.10649077
3713.51; 310.84189; 180896.95375798
3715.54; 330.07611; 181568.96022782
3717.58; 350.7849; 182283.12801702
3719.61; 373.07396; 183042.67441178
3721.65; 396.98728; 183850.90624237
3723.69; 422.40066; 184710.87753992
3725.72; 448.91897; 185624.83781255
3727.76; 475.80892; 186593.54371168
3729.79; 501.9951; 187615.56240818
3731.83; 526.13229; 188686.72234933
3733.87; 546.74857; 189799.85524602
3735.90; 562.43405; 190944.92242261
3737.94; 572.03727; 192109.54092967
3739.97; 574.82752; 193279.84015229
3742.01; 570.58909; 194441.5103017
3744.05; 559.62963; 195580.86793566
3746.08; 542.70512; 196685.7687149
3748.12; 520.88254; 197746.2406076
3750.15; 495.37355; 198754.77839644
3752.19; 467.37514; 199706.31384795
3754.22; 437.9473; 200597.93674482
3756.26; 407.94471; 201428.47696693
3758.30; 378.00477; 202198.06206408
3760.33; 348.58054; 202907.7419618
3762.37; 319.99914; 203559.23258871
3764.40; 292.52391; 204154.78601491
3766.44; 266.40214; 204697.15778726
3768.48; 241.88772; 205189.62031597
3770.51; 219.23658; 205635.96707441
3772.55; 198.68073; 206040.4638988
3774.58; 180.39146; 206407.72535218
3776.62; 164.44396; 206742.51907146
3778.66; 150.79407; 207049.52278749
3780.69; 139.27398; 207333.0725821
3782.73; 129.60867; 207596.94464867
3784.76; 121.45011; 207844.20658491
3786.80; 114.42224; 208077.16039809
3788.84; 108.16825; 208297.38162204
3790.87; 102.39124; 208505.8413568
3792.91; 96.881782; 208703.08430293
3794.94; 91.528503; 208889.42843674
3796.98; 86.31175; 209065.15171103
3799.01; 81.283208; 209230.63730703
3801.05; 76.536744; 209386.45951271
3803.09; 72.176516; 209533.40466954
3805.12; 68.28808; 209672.43330667
3807.16; 64.916977; 209804.59867001
3809.19; 62.057459; 209930.94230053
3811.23; 59.652121; 210052.3888705
3813.27; 57.601461; 210169.66047376
3815.30; 55.780934; 210283.22564056
3817.34; 54.062069; 210393.29134753
3819.37; 52.333683; 210499.83820899
3821.41; 50.519252; 210602.69104677
3823.45; 48.58724; 210701.61047481
3825.48; 46.55248; 210796.38730662
3827.52; 44.468556; 210886.92144849
3829.55; 42.413028; 210973.27071211
3831.59; 40.468925; 211055.66195028
3833.63; 38.706714; 211134.46547974
3835.66; 37.17068; 211210.141776
3837.70; 35.87239; 211283.17486707
3839.73; 34.792009; 211354.00839531
3841.77; 33.886204; 211422.9977814
3843.81; 33.099898; 211490.38631736
3845.84; 32.378512; 211556.30617289
3847.88; 31.677713; 211620.79926169
3849.91; 30.968894; 211683.84925733
3851.95; 30.240067; 211745.41542366
3853.98; 29.493157; 211805.46094636
3856.02; 28.739436; 211863.97195754
3858.06; 27.994821; 211920.96699625
3860.09; 27.276243; 211976.49907214
3862.13; 26.599452; 212030.65326155
3864.16; 25.977921; 212083.54206633
3866.20; 25.422135; 212135.29933974
3868.24; 24.938679; 212186.07233725
3870.27; 24.528899; 212236.01105813
3872.31; 24.187493; 212285.25470714
3874.34; 23.901697; 212333.91649992
3876.38; 23.651785; 212382.06949264
3878.42; 23.413284; 212429.73691726
3880.45; 23.160736; 212476.89017643
3882.49; 22.872278; 212523.45616016
3884.52; 22.533929; 212569.33329497
3886.56; 22.142454; 212614.41342021
3888.60; 21.705986; 212658.60493507
3890.63; 21.242183; 212701.85218684
3892.67; 20.774321; 212744.14691153
3894.70; 20.326262; 212785.52942752
3896.74; 19.917467; 212826.07967055
3898.77; 19.559144; 212865.90039923
3900.81; 19.252318; 212905.09645786
3902.85; 18.988087; 212943.75456354
3904.88; 18.749867; 212981.92767469
3906.92; 18.517061; 213019.62681354
3908.95; 18.26933; 213056.8215918
3910.99; 17.990637; 213093.44897667
3913.03; 17.672336; 213129.42832657
3915.06; 17.314738; 213164.67963805
3917.10; 16.926937; 213199.14142044
3919.13; 16.524922; 213232.78473629
3921.17; 16.128377; 213265.62072038
3923.21; 15.756807; 213297.70022023
3925.24; 15.425818; 213329.10585428
3927.28; 15.144331; 213359.9384048
3929.31; 14.913326; 213390.30064862
3931.35; 14.72631; 213420.28214499
3933.39; 14.57128; 213449.94801306
3935.42; 14.433554; 213479.3334832
3937.46; 14.298693; 213508.44438846
3939.49; 14.154779; 213537.2622964
3941.53; 13.993631; 213565.7521219
3943.56; 13.81095; 213593.87002475
3945.60; 13.60571; 213621.57007697
3947.64; 13.379313; 213648.80920334
3949.67; 13.134923; 213675.55077317
3951.71; 12.877168; 213701.76757561
3953.74; 12.612062; 213727.44464614
3955.78; 12.346837; 213752.58174056
3957.82; 12.089341; 213777.19459572
3959.85; 11.846918; 213801.31389759
3961.89; 11.62496; 213824.98131352
3963.92; 11.42564; 213848.24293012
3965.96; 11.247354; 213871.14157299
3968.00; 11.085282; 213893.71024961
3970.03; 10.933024; 213915.96894387
3972.07; 10.784911; 213937.92609291
3974.10; 10.638203; 213959.58455526
3976.14; 10.494409; 213980.95026544
3978.18; 10.359181; 214002.04066323
3980.21; 10.240685; 214022.8898133
3982.25; 10.146881; 214043.5479864
3984.28; 10.082501; 214064.07508768
3986.32; 10.046636; 214084.52917094
3988.35; 10.031672; 214104.95278934
3990.39; 10.02394; 214125.36066634
3992.43; 10.005967; 214145.73195251
3994.46; 9.9598154; 214166.00927705
3996.50; 9.8707293; 214186.10523
3998.53; 9.7302754; 214205.91523099
4000.57; 9.5382726; 214225.33433085
4002.61; 9.3030948; 214244.27462891
4004.64; 9.0402585; 214262.6798151
4006.68; 8.7695607; 214280.53388387
4008.71; 8.5113331; 214297.86222357
4010.75; 8.2825905; 214314.72486299
4012.79; 8.093906; 214331.20335708
4014.82; 7.9477297; 214347.38424891
4016.86; 7.8385614; 214363.34288341
4018.89; 7.7549523; 214379.13129693
4020.93; 7.6828409; 214394.77289791
4022.97; 7.609354; 214410.26488592
4025.00; 7.5260527; 214425.58727977
4027.04; 7.4307415; 214440.7156281
4029.07; 7.3273617; 214455.63350404
4031.11; 7.2240569; 214470.34106045
4033.15; 7.1300427; 214484.85721202
4035.18; 7.0522722; 214499.21502962
4037.22; 6.9929391; 214513.45205014
4039.25; 6.9485798; 214527.59875895
4041.29; 6.9110246; 214541.66900849
4043.32; 6.869863; 214555.65545661
4045.36; 6.8156247; 214569.53148022
4047.40; 6.7426723; 214583.25897909
4049.43; 6.6509185; 214596.7996752
4051.47; 6.5458615; 214610.12648421
4053.50; 6.4369556; 214623.23157022
4055.54; 6.3348312; 214636.1287398
4057.58; 6.2481977; 214648.84953111
4059.61; 6.1813276; 214661.43418069
4061.65; 6.132818; 214673.92006891
4063.68; 6.0959378; 214686.33087222
4065.72; 6.0604137; 214698.6693514
4067.76; 6.0151202; 214710.91561704
4069.79; 5.9509224; 214723.03118147
4071.83; 5.8629182; 214734.96757696
4073.86; 5.7515348; 214746.67720548
4075.90; 5.6222673; 214758.12365655
4077.94; 5.4842175; 214769.28905013
4079.97; 5.3478868; 214780.1768862
4082.01; 5.2228286; 214790.81011441
4084.04; 5.1157409; 214801.22532137
4086.08; 5.0294084; 214811.46476274
4088.11; 4.9626373; 214821.56826401
4090.15; 4.9110649; 214831.56676837
4092.19; 4.8685246; 214841.47866433
4094.22; 4.8285686; 214851.30921329
4096.26; 4.7857857; 214861.05266004
4098.29; 4.7366759; 214870.69612337
4100.33; 4.6799981; 214880.22419557
4102.37; 4.6166442; 214889.62328465
4104.40; 4.5491682; 214898.8849984
4106.44; 4.481118; 214908.00816801
4108.47; 4.4162907; 214916.99935465
4110.51; 4.3579939; 214925.87185408
4112.55; 4.3083808; 214934.6433456
4114.58; 4.267928; 214943.3324786
4116.62; 4.2351507; 214951.95487991
4118.65; 4.2066594; 214960.51927549
4120.69; 4.1776301; 214969.02456991
4122.73; 4.1426831; 214977.45871511
4124.76; 4.0970478; 214985.79995074
4126.80; 4.0377749; 214994.02051198
4128.83; 3.9646863; 215002.09227119
4130.87; 3.8807686; 215009.99318107
4132.90; 3.7918291; 215017.71301786
4134.94; 3.7054212; 215025.25693566
4136.98; 3.6292543; 215032.6457842
4139.01; 3.5694713; 215039.91291969
4141.05; 3.5292377; 215047.09814303
4143.08; 3.5080191; 215054.24016711
4145.12; 3.5017411; 215061.36940984
4147.16; 3.5037821; 215068.50280787
4149.19; 3.5065185; 215075.64177692
4151.23; 3.5030002; 215082.77358306
4153.26; 3.4883195; 215089.87550047
4155.30; 3.4603521; 215096.92047862
4157.34; 3.4197543; 215103.88280329
4159.37; 3.3693198; 215110.74244758
4161.41; 3.3129659; 215117.48736015
4163.44; 3.2546858; 215124.11361959
4165.48; 3.1977509; 215130.62396453
4167.52; 3.1443166; 215137.02552171
4169.55; 3.0954256; 215143.32754099
4171.59; 3.0512765; 215149.53967668
4173.62; 3.0115708; 215155.67097485
4175.66; 2.97578; 215161.72940604
4177.69; 2.9432628; 215167.72163508
4179.73; 2.913256; 215173.65277285
4181.77; 2.8848326; 215179.52604311
4183.80; 2.8569287; 215185.34250342
4185.84; 2.8284922; 215191.10106946
4187.87; 2.7987324; 215196.7990471
4189.91; 2.76738; 215202.43319388
4191.95; 2.7348419; 215208.00109594
4193.98; 2.7021631; 215213.50246678
4196.02; 2.6707756; 215218.9399353
4198.05; 2.642097; 215224.31901681
4200.09; 2.6170997; 215229.64720588
4202.13; 2.595982; 215234.93240125
4204.16; 2.5780408; 215240.18106984
4206.20; 2.5617709; 215245.39661439
4208.23; 2.5451506; 215250.57832127
4210.27; 2.52602; 215255.72107995
4212.31; 2.5024549; 215260.81586213
4214.34; 2.4730591; 215265.85079707
4216.38; 2.4371454; 215270.81261487
4218.41; 2.3948095; 215275.68824038
4220.45; 2.3469196; 215280.46636616
4222.49; 2.2950388; 215285.13886711
4224.52; 2.2412803; 215289.70192034
4226.56; 2.188086; 215294.1566745
4228.59; 2.137928; 215298.50931136
4230.63; 2.0929615; 215302.77040026
4232.66; 2.0546924; 215306.9535766
4234.70; 2.0237471; 215311.07375096
4236.74; 1.99982; 215315.14521184
4238.77; 1.9818314; 215319.18004954
4240.81; 1.9682582; 215323.18725345
4242.84; 1.9575364; 215327.17262868
4244.88; 1.9484009; 215331.13940477
4246.92; 1.9400472; 215335.08917353
4248.95; 1.9320656; 215339.02269242
4250.99; 1.9241888; 215342.94017477
4253.02; 1.9159746; 215346.84093367
4255.06; 1.9065771; 215350.72256008
4257.10; 1.8947304; 215354.58006764
4259.13; 1.8789845; 215358.40551799
4261.17; 1.8581274; 215362.18850495
4263.20; 1.8316402; 215365.9175664
4265.24; 1.8000071; 215369.58222545
4267.28; 1.7647391; 215373.17508198
4269.31; 1.7280774; 215376.69329836
4271.35; 1.6924534; 215380.13898735
4273.38; 1.6598804; 215383.51836061
4275.42; 1.6314758; 215386.83990459
4277.45; 1.6072688; 215390.1121651
4279.49; 1.5863454; 215393.34182747
4281.53; 1.5672644; 215396.53264255
4283.56; 1.5485844; 215399.6854267
4285.60; 1.5293167; 215402.79898348
4287.63; 1.5091573; 215405.8714976
4289.67; 1.4884445; 215408.90184224
4291.71; 1.467893; 215411.89034569
4293.74; 1.448235; 215414.83882708
4295.78; 1.4299198; 215417.75002047
4297.81; 1.4129866; 215420.62673914
4299.85; 1.3971432; 215423.47120217
4301.89; 1.3820011; 215426.28483719
4303.92; 1.3673481; 215429.06863982
4305.96; 1.3533343; 215431.82391169
4307.99; 1.340483; 215434.55301933
4310.03; 1.3295089; 215437.2597848
4312.07; 1.3210095; 215439.94924604
4314.10; 1.315141; 215442.62675965
4316.14; 1.3114082; 215445.29667357
4318.17; 1.3086524; 215447.96097681
4320.21; 1.3052607; 215450.61837492
4322.24; 1.2995404; 215453.26412706
4324.28; 1.2901463; 215455.89075365
4326.32; 1.2764316; 215458.48945822
4328.35; 1.2586155; 215461.05189067
4330.39; 1.2377197; 215463.57178119
4332.42; 1.2152977; 215466.04602247
4334.46; 1.1930419; 215468.4749529
4336.50; 1.1723893; 215470.86183631
4338.53; 1.1542372; 215473.21176362
4340.57; 1.138842; 215475.53034767
4342.60; 1.1259087; 215477.82260069
4344.64; 1.1148194; 215480.09227688
4346.68; 1.1049068; 215482.34177178
4348.71; 1.0956727; 215484.57246675
4350.75; 1.0868799; 215486.78526034
4352.78; 1.0784981; 215488.98098949
4354.82; 1.0705417; 215491.16051999
4356.86; 1.0628774; 215493.32444654
4358.89; 1.055093; 215495.47252483
4360.93; 1.0464922; 215497.60309263
4362.96; 1.0362326; 215499.71277276
4365.00; 1.02357; 215501.79667289
4367.03; 1.0081267; 215503.84913175
4369.07; 0.99008881; 215505.86486712
4371.11; 0.97025608; 215507.84022477
4373.14; 0.94991334; 215509.77416636
4375.18; 0.93055172; 215511.66868936
4377.21; 0.91351561; 215513.5285283
4379.25; 0.8996774; 215515.36019384
4381.29; 0.88923517; 215517.17059989
4383.32; 0.88169188; 215518.96564847
4385.36; 0.87602097; 215520.74915155
4387.39; 0.87096785; 215522.52236693
4389.43; 0.86539793; 215524.28424243
4391.47; 0.85858916; 215526.03225586
4393.50; 0.85038545; 215527.76356723
4395.54; 0.84116997; 215529.4761167
4397.57; 0.83167205; 215531.16932922
4399.61; 0.82267152; 215532.84421745
4401.65; 0.81469557; 215534.50286732
4403.68; 0.8078048; 215536.14748818
4405.72; 0.80153739; 215537.77934913
4407.75; 0.79503044; 215539.39796249
4409.79; 0.78728107; 215541.00079879
4411.82; 0.77746513; 215542.58365071
4413.86; 0.76521227; 215544.14155685
4415.90; 0.75074974; 215545.67001853
4417.93; 0.73486987; 215547.16615017
4419.97; 0.71873214; 215548.62942678
4422.00; 0.70356344; 215550.06182122
4424.04; 0.69034957; 215551.46731336
4426.08; 0.67960968; 215552.85094001
4428.11; 0.67131339; 215554.21767615
4430.15; 0.66495131; 215555.57145962
4432.18; 0.65972087; 215556.91459438
4434.22; 0.65475837; 215558.24762591
4436.26; 0.64934344; 215559.56963311
4438.29; 0.64302371; 215560.87877389
4440.33; 0.63564301; 215562.17288821
4442.36; 0.62729169; 215563.44999994
4444.40; 0.6182189; 215564.70864026
4446.44; 0.60874787; 215565.94799838
4448.47; 0.59921929; 215567.16795715
4450.51; 0.58996507; 215568.36907511
4452.54; 0.58129648; 215569.55254457
4454.58; 0.57348541; 215570.72011137
4456.62; 0.56672607; 215571.87391674
4458.65; 0.56108203; 215573.01623132
4460.69; 0.55643894; 215574.14909298
4462.72; 0.55248979; 215575.27391452
4464.76; 0.54877136; 215576.39116565
4466.79; 0.54475246; 215577.50023464
4468.83; 0.53995367; 215578.59953371
4470.87; 0.53406364; 215579.6868412
4472.90; 0.527016; 215580.75980028
4474.94; 0.51900313; 215581.81644587
4476.97; 0.51042442; 215582.85562595
4479.01; 0.50178747; 215583.87722193
4481.05; 0.49359452; 215584.88213778
4483.08; 0.48624721; 215585.87209515
4485.12; 0.47999218; 215586.8493178
4487.15; 0.47491357; 215587.81620085
4489.19; 0.47096216; 215588.77503916
4491.23; 0.46800171; 215589.72785024
4493.26; 0.46585254; 215590.67628581
4495.30; 0.46431999; 215591.62160124
4497.33; 0.46320537; 215592.56464741
4499.37; 0.46230642; 215593.50586338
4501.41; 0.46141734; 215594.44526927
4503.44; 0.46033697; 215595.38247561
4505.48; 0.45888714; 215596.31673024
4507.51; 0.45693696; 215597.24701445
4509.55; 0.45442401; 215598.17218252
4511.58; 0.45136364; 215599.09111993
4513.62; 0.44784056; 215600.00288465
4515.66; 0.4439831; 215600.90679593
4517.69; 0.43992596; 215601.80244722
4519.73; 0.43577124; 215602.68963986
4521.76; 0.43155881; 215603.56825634
4523.80; 0.42725501; 215604.43811067
4525.84; 0.42276489; 215605.2988235
4527.87; 0.41796721; 215606.14976866
4529.91; 0.41276581; 215606.99012423
4531.94; 0.40714519; 215607.81903669
4533.98; 0.40121476; 215608.63587533
4536.02; 0.39522638; 215609.44052213
4538.05; 0.38955381; 215610.23362008
4540.09; 0.38463181; 215611.01669725
4542.12; 0.38086398; 215611.79210344
4544.16; 0.37851993; 215612.56273734
4546.20; 0.37764975; 215613.33159964
4548.23; 0.37804312; 215614.10126281
4550.27; 0.37925116; 215614.87338544
4552.30; 0.38067224; 215615.64840127
4554.34; 0.38168317; 215616.42547527
4556.37; 0.38178128; 215617.20274901
4558.41; 0.38069661; 215617.97781445
4560.45; 0.37844013; 215618.74828589
4562.48; 0.37527271; 215619.51230874
4564.52; 0.3716041; 215620.26886262
4566.55; 0.36785464; 215621.01778292
4568.59; 0.36432442; 215621.75951601
4570.63; 0.36111263; 215622.49471015
4572.66; 0.35811208; 215623.22379545
4574.70; 0.35507808; 215623.94670377
4576.73; 0.35174434; 215624.66282489
4578.77; 0.34794321; 215625.37120723
4580.81; 0.3436861; 215626.07092247
4582.84; 0.33917612; 215626.76145578
4584.88; 0.33474954; 215627.44297696
4586.91; 0.33076907; 215628.11639423
4588.95; 0.32750867; 215628.78317362
4590.99; 0.32507155; 215629.44499123
4593.02; 0.32336914; 215630.1033429
4595.06; 0.32216568; 215630.75924442
4597.09; 0.32116844; 215631.41311564
4599.13; 0.32012789; 215632.06486839
4601.16; 0.31891023; 215632.71414209
4603.20; 0.31751697; 215633.36057923
4605.24; 0.31604783; 215634.00402534
4607.27; 0.31462509; 215634.64457488
4609.31; 0.31331161; 215635.28245028
4611.34; 0.31205623; 215635.91776983
4613.38; 0.31068879; 215636.5503054
4615.42; 0.3089677; 215637.17933698
4617.45; 0.30666296; 215637.80367631
4619.49; 0.30364517; 215638.42187166
4621.52; 0.29994894; 215639.03254181
4623.56; 0.29578912; 215639.63474292
4625.60; 0.29152455; 215640.22826176
4627.63; 0.2875814; 215640.81375268
4629.67; 0.2843599; 215641.39268489
4631.70; 0.28215102; 215641.96712002
4633.74; 0.28108367; 215642.53938212
4635.78; 0.28111092; 215643.11169969
4637.81; 0.28203184; 215643.68589217
4639.85; 0.28353659; 215644.26314819
4641.88; 0.28526011; 215644.84391314
4643.92; 0.28683295; 215645.42788027
4645.96; 0.28792391; 215646.0140685
4647.99; 0.28827466; 215646.60097083
4650.03; 0.28772857; 215647.18676138
4652.06; 0.28625431; 215647.76955044
4654.10; 0.28396017; 215648.34766885
4656.13; 0.2810918; 215648.9199475
4658.17; 0.27800519; 215649.48594206
4660.21; 0.27511206; 215650.04604648
4662.24; 0.27280284; 215650.60144951
4664.28; 0.27136208; 215651.15391928
4666.31; 0.27089761; 215651.70544344
4668.35; 0.27130466; 215652.25779633
4670.39; 0.27227887; 215652.81213261
4672.42; 0.27337926; 215653.36870918
4674.46; 0.27412742; 215653.92680895
4676.49; 0.27411791; 215654.48488936
4678.53; 0.27311053; 215655.04091883
4680.57; 0.27108007; 215655.59281446
4682.60; 0.26821108; 215656.13886907
4684.64; 0.2648411; 215656.67806268
4686.67; 0.26137013; 215657.21018972
4688.71; 0.25816252; 215657.73578633
4690.75; 0.25546783; 215658.25589679
4692.78; 0.25337996; 215658.77175653
4694.82; 0.25184115; 215659.28448338
4696.85; 0.25068458; 215659.79485555
4698.89; 0.2496991; 215660.30322137
4700.92; 0.24869546; 215660.80954386
4702.96; 0.24755564; 215661.31354578
4705.00; 0.24625393; 215661.81489753
4707.03; 0.2448482; 215662.31338733
4709.07; 0.24344809; 215662.80902664
4711.10; 0.24217314; 215663.30207025
4713.14; 0.24111432; 215663.79295819
4715.18; 0.24031031; 215664.28220924
4717.21; 0.23974336; 215664.77030602
4719.25; 0.23935333; 215665.25760875
4721.28; 0.23906273; 215665.74431984
4723.32; 0.23880282; 215666.23050178
4725.36; 0.2385315; 215666.71613133
4727.39; 0.23823725; 215667.20116181
4729.43; 0.2379289; 215667.68556451
4731.46; 0.23761634; 215668.16933087
4733.50; 0.23729089; 215668.65243465
4735.54; 0.23691433; 215669.13477178
4737.57; 0.23642257; 215669.61610773
4739.61; 0.2357446; 215670.09606339
4741.64; 0.23483094; 215670.57415891
4743.68; 0.23368171; 215671.0499147
4745.71; 0.23236311; 215671.52298594
4747.75; 0.23100445; 215671.99329106
4749.79; 0.22977377; 215672.46109062
4751.82; 0.22883816; 215672.92698536
4753.86; 0.22832008; 215673.39182534
4755.89; 0.2282637; 215673.85655054
4757.93; 0.22862202; 215674.32200524
4759.97; 0.22926915; 215674.78877744
4762.00; 0.23003352; 215675.25710584
4764.04; 0.23074088; 215675.72687436
4766.07; 0.23125296; 215676.19768543
4768.11; 0.2314901; 215676.6689793
4770.15; 0.23143254; 215677.14015597
4772.18; 0.23110331; 215677.61066236
4774.22; 0.23054275; 215678.08002751
4776.25; 0.22978668; 215678.54785335
4778.29; 0.22885788; 215679.01378825
4780.33; 0.22777372; 215679.4775159
4782.36; 0.22656457; 215679.93878181
4784.40; 0.22529241; 215680.39745772
4786.43; 0.22405783; 215680.85362013
4788.47; 0.22298812; 215681.3076047
4790.50; 0.22220729; 215681.75999957
4792.54; 0.221797; 215682.21155912
4794.58; 0.22176241; 215682.66304825
4796.61; 0.2220166; 215683.11505488
4798.65; 0.22239107; 215683.56782392
4800.68; 0.22267103; 215684.02116292
4802.72; 0.22264493; 215684.47444878
4804.76; 0.22215337; 215684.92673387
4806.79; 0.221123; 215685.37692121
4808.83; 0.21957679; 215685.82396061
4810.86; 0.21762086; 215686.2670179
4812.90; 0.21541517; 215686.70558459
4814.94; 0.21313937; 215687.13951796
4816.97; 0.21096375; 215687.56902194
4819.01; 0.20903077; 215687.99459054
4821.04; 0.20744663; 215688.41693397
4823.08; 0.20627844; 215688.83689908
4825.12; 0.20555217; 215689.25538556
4827.15; 0.20524902; 215689.67325485
4829.19; 0.20530236; 215690.09123274
4831.22; 0.20560003; 215690.50981665
4833.26; 0.20599641; 215690.92920757
4835.30; 0.20633552; 215691.34928889
4837.33; 0.20648037; 215691.7696651
4839.37; 0.20634004; 215692.18975562
4841.40; 0.20588473; 215692.60891917
4843.44; 0.20514269; 215693.02657199
4845.47; 0.20417977; 215693.44226438
4847.51; 0.20306959; 215693.85569654
4849.55; 0.20186651; 215694.26667933
4851.58; 0.20059291; 215694.67506919
4853.62; 0.19924623; 215695.08071733
4855.65; 0.19782272; 215695.48346731
4857.69; 0.19634692; 215695.8832127
4859.73; 0.1948928; 215696.27999762
4861.76; 0.1935848; 215696.67411956
4863.80; 0.19257535; 215697.06618636
4865.83; 0.19200484; 215697.45709165
4867.87; 0.19195787; 215697.8479013
4869.91; 0.19243195; 215698.23967615
4871.94; 0.1933306; 215698.63328056
4873.98; 0.19448385; 215699.0292329
4876.01; 0.19568935; 215699.42763953
4878.05; 0.1967597; 215699.8282253
4880.09; 0.19756056; 215700.23044154
4882.12; 0.1980283; 215700.63361007
4884.16; 0.19816439; 215701.03705567
4886.19; 0.1980126; 215701.44019224
4888.23; 0.1976305; 215701.84255088
4890.26; 0.19706711; 215702.2437625
4892.30; 0.19635417; 215702.64352264
4894.34; 0.19551144; 215703.04156706
4896.37; 0.19456016; 215703.43767476
4898.41; 0.19353609; 215703.83169753
4900.44; 0.19249466; 215704.22360004
4902.48; 0.19150568; 215704.61348908
4904.52; 0.19064007; 215705.00161582
4906.55; 0.18995484; 215705.38834748
4908.59; 0.18948261; 215705.77411773
4910.62; 0.18922894; 215706.15937151
4912.66; 0.18917631; 215706.54451814
4914.70; 0.18929058; 215706.92989743
4916.73; 0.18952494; 215707.31575386
4918.77; 0.18981926; 215707.70220949
4920.80; 0.19009699; 215708.08923055
4922.84; 0.19026503; 215708.47659372
4924.88; 0.19022252; 215708.86387036
4926.91; 0.18988098; 215709.25045164
4928.95; 0.18919208; 215709.63563038
4930.98; 0.18817394; 215710.01873629
4933.02; 0.18692377; 215710.39929695
4935.05; 0.18560781; 215710.77717844
4937.09; 0.18442711; 215711.15265613
4939.13; 0.18356717; 215711.52638305
4941.16; 0.18314754; 215711.89925565
4943.20; 0.18318935; 215712.27221336
4945.23; 0.18361377; 215712.64603516
4947.27; 0.1842734; 215713.0211999
4949.31; 0.18500597; 215713.39785608
4951.34; 0.18569063; 215713.77590617
4953.38; 0.1862852; 215714.15516675
4955.41; 0.18682986; 215714.53553623
4957.45; 0.18741569; 215714.91709841
4959.49; 0.18813069; 215715.30011626
4961.52; 0.18900557; 215715.68491528
4963.56; 0.18998205; 215716.07170234
4965.59; 0.19091833; 215716.46039558
4967.63; 0.19163131; 215716.85054039
4969.67; 0.19196082; 215717.24135606
4971.70; 0.19183138; 215717.63190819
4973.74; 0.19128761; 215718.02135325
4975.77; 0.19048883; 215718.40917207
4977.81; 0.18966376; 215718.79531113
4979.84; 0.18904093; 215719.18018214
4981.88; 0.18877962; 215719.56452115
4983.92; 0.18892534; 215719.94915683
4985.95; 0.1894045; 215720.33476804
4987.99; 0.19005852; 215720.72171078
4990.02; 0.19070352; 215721.10996669
4992.06; 0.19119358; 215721.49922031
4994.10; 0.19146559; 215721.88902773
4996.13; 0.1915519; 215722.27901086
